Store,Sub_store,Store_url,Brand,url,rpc
JD,雀巢母婴京东自营旗舰店,https://mall.jd.com/index-1000003112.html,NAN HA,https://item.jd.com/4396232.html,4396232
JD,雀巢母婴京东自营旗舰店,https://mall.jd.com/index-1000003112.html,NAN HA,https://item.jd.com/4396142.html,4396142
JD,雀巢母婴京东自营旗舰店,https://mall.jd.com/index-1000003112.html,NAN HA,https://item.jd.com/3849865.html,3849865
JD,雀巢母婴京东自营旗舰店,https://mall.jd.com/index-1000003112.html,NAN HA,https://item.jd.com/4209173.html,4209173
JD,雀巢母婴京东自营旗舰店,https://mall.jd.com/index-1000003112.html,NAN HA,https://item.jd.com/5285870.html,5285870
JD,雀巢母婴京东自营旗舰店,https://mall.jd.com/index-1000003112.html,NAN,https://item.jd.com/4713594.html,4713594
JD,雀巢母婴京东自营旗舰店,https://mall.jd.com/index-1000003112.html,NAN,https://item.jd.com/4008365.html,4008365
JD,雀巢母婴京东自营旗舰店,https://mall.jd.com/index-1000003112.html,NAN,https://item.jd.com/4713572.html,4713572
JD,雀巢母婴京东自营旗舰店,https://mall.jd.com/index-1000003112.html,NAN,https://item.jd.com/4712764.html,4712764
JD,雀巢母婴京东自营旗舰店,https://mall.jd.com/index-1000003112.html,NAN,https://item.jd.com/4712778.html,4712778
JD,雀巢母婴京东自营旗舰店,https://mall.jd.com/index-1000003112.html,NAN,https://item.jd.com/4007911.html,4007911
JD,雀巢母婴京东自营旗舰店,https://mall.jd.com/index-1000003112.html,NAN,https://item.jd.com/4712762.html,4712762
JD,雀巢母婴京东自营旗舰店,https://mall.jd.com/index-1000003112.html,NAN,https://item.jd.com/4712736.html,4712736
JD,雀巢母婴京东自营旗舰店,https://mall.jd.com/index-1000003112.html,NAN,https://item.jd.com/4007909.html,4007909
JD,雀巢母婴京东自营旗舰店,https://mall.jd.com/index-1000003112.html,NAN,https://item.jd.com/1080962.html,1080962
JD,雀巢母婴京东自营旗舰店,https://mall.jd.com/index-1000003112.html,MOM,https://item.jd.com/255778.html,255778
JD,雀巢母婴京东自营旗舰店,https://mall.jd.com/index-1000003112.html,MOM,https://item.jd.com/255780.html,255780
JD,雀巢母婴京东自营旗舰店,https://mall.jd.com/index-1000003112.html,NAN,https://item.jd.com/1080961.html,1080961
JD,雀巢官方专卖店,https://mall.jd.com/index-666458.html,Gerber,https://item.jd.com/25931802723.html,25931802723
JD,雀巢官方专卖店,https://mall.jd.com/index-666458.html,Gerber,https://item.jd.com/25092330368.html,25092330368
JD,雀巢官方专卖店,https://mall.jd.com/index-666458.html,Gerber,https://item.jd.com/25050683515.html,25050683515
JD,雀巢官方专卖店,https://mall.jd.com/index-666458.html,Gerber,https://item.jd.com/25050683514.html,25050683514
JD,雀巢官方专卖店,https://mall.jd.com/index-666458.html,Gerber,https://item.jd.com/13695381271.html,13695381271
JD,雀巢官方专卖店,https://mall.jd.com/index-666458.html,Gerber,https://item.jd.com/13695381267.html,13695381267
JD,雀巢官方专卖店,https://mall.jd.com/index-666458.html,Gerber,https://item.jd.com/13695381268.html,13695381268
JD,雀巢官方专卖店,https://mall.jd.com/index-666458.html,Gerber,https://item.jd.com/13695381265.html,13695381265
JD,雀巢官方专卖店,https://mall.jd.com/index-666458.html,Gerber,https://item.jd.com/13695381270.html,13695381270
JD,雀巢官方专卖店,https://mall.jd.com/index-666458.html,Gerber,https://item.jd.com/13695381262.html,13695381262
JD,雀巢官方专卖店,https://mall.jd.com/index-666458.html,Gerber,https://item.jd.com/13695381264.html,13695381264
JD,雀巢官方专卖店,https://mall.jd.com/index-666458.html,Gerber,https://item.jd.com/13695381263.html,13695381263
JD,雀巢官方专卖店,https://mall.jd.com/index-666458.html,Gerber,https://item.jd.com/13695381269.html,13695381269
JD,雀巢官方专卖店,https://mall.jd.com/index-666458.html,Gerber,https://item.jd.com/13695381266.html,13695381266
JD,雀巢官方专卖店,https://mall.jd.com/index-666458.html,Gerber,https://item.jd.com/12299826003.html,12299826003
JD,雀巢官方专卖店,https://mall.jd.com/index-666458.html,NAN,https://item.jd.com/18555840051.html,18555840051
JD,雀巢官方专卖店,https://mall.jd.com/index-666458.html,NAN,https://item.jd.com/18555840050.html,18555840050
JD,雀巢官方专卖店,https://mall.jd.com/index-666458.html,NAN,https://item.jd.com/12424332573.html,12424332573
JD,雀巢官方专卖店,https://mall.jd.com/index-666458.html,NAN HA,https://item.jd.com/16546674330.html,16546674330
JD,雀巢官方专卖店,https://mall.jd.com/index-666458.html,NAN HA,https://item.jd.com/16546674329.html,16546674329
JD,雀巢官方专卖店,https://mall.jd.com/index-666458.html,NAN HA,https://item.jd.com/13675223690.html,13675223690
JD,雀巢官方专卖店,https://mall.jd.com/index-666458.html,NAN HA,https://item.jd.com/12082162643.html,12082162643
JD,雀巢官方专卖店,https://mall.jd.com/index-666458.html,NAN,https://item.jd.com/16545462931.html,16545462931
JD,雀巢官方专卖店,https://mall.jd.com/index-666458.html,NAN,https://item.jd.com/16545462930.html,16545462930
JD,雀巢官方专卖店,https://mall.jd.com/index-666458.html,NAN,https://item.jd.com/16545462929.html,16545462929
JD,雀巢官方专卖店,https://mall.jd.com/index-666458.html,NAN,https://item.jd.com/12083025102.html,12083025102
JD,雀巢官方专卖店,https://mall.jd.com/index-666458.html,NAN,https://item.jd.com/16544948616.html,16544948616
JD,雀巢官方专卖店,https://mall.jd.com/index-666458.html,NAN,https://item.jd.com/16544948617.html,16544948617
JD,雀巢官方专卖店,https://mall.jd.com/index-666458.html,NAN,https://item.jd.com/13675552365.html,13675552365
JD,雀巢官方专卖店,https://mall.jd.com/index-666458.html,NAN,https://item.jd.com/12083146163.html,12083146163
JD,雀巢官方专卖店,https://mall.jd.com/index-666458.html,NAN HA,https://item.jd.com/16498569454.html,16498569454
JD,雀巢官方专卖店,https://mall.jd.com/index-666458.html,NAN,https://item.jd.com/14446124474.html,14446124474
JD,雀巢官方专卖店,https://mall.jd.com/index-666458.html,NAN,https://item.jd.com/14446124475.html,14446124475
JD,雀巢官方专卖店,https://mall.jd.com/index-666458.html,NAN,https://item.jd.com/12400757767.html,12400757767
JD,雀巢官方专卖店,https://mall.jd.com/index-666458.html,NAN,https://item.jd.com/12083388599.html,12083388599
JD,雀巢官方专卖店,https://mall.jd.com/index-666458.html,NAN HA,https://item.jd.com/14445404727.html,14445404727
JD,雀巢官方专卖店,https://mall.jd.com/index-666458.html,NAN HA,https://item.jd.com/14445404726.html,14445404726
JD,雀巢官方专卖店,https://mall.jd.com/index-666458.html,NAN HA,https://item.jd.com/13638853955.html,13638853955
JD,雀巢官方专卖店,https://mall.jd.com/index-666458.html,NAN HA,https://item.jd.com/12082373228.html,12082373228
JD,雀巢官方专卖店,https://mall.jd.com/index-666458.html,NAN,https://item.jd.com/14441834226.html,14441834226
JD,雀巢官方专卖店,https://mall.jd.com/index-666458.html,NAN,https://item.jd.com/13639679598.html,13639679598
JD,雀巢官方专卖店,https://mall.jd.com/index-666458.html,NAN,https://item.jd.com/12423814698.html,12423814698
JD,雀巢官方专卖店,https://mall.jd.com/index-666458.html,MOM,https://item.jd.com/13924713473.html,13924713473
JD,雀巢官方专卖店,https://mall.jd.com/index-666458.html,MOM,https://item.jd.com/12298574507.html,12298574507
JD,雀巢官方专卖店,https://mall.jd.com/index-666458.html,NAN,https://item.jd.com/13741836484.html,13741836484
JD,雀巢官方专卖店,https://mall.jd.com/index-666458.html,NAN,https://item.jd.com/13741836486.html,13741836486
JD,雀巢官方专卖店,https://mall.jd.com/index-666458.html,NAN,https://item.jd.com/13741836485.html,13741836485
JD,雀巢官方专卖店,https://mall.jd.com/index-666458.html,Gerber,https://item.jd.com/13674904462.html,13674904462
JD,雀巢官方专卖店,https://mall.jd.com/index-666458.html,Gerber,https://item.jd.com/13674904461.html,13674904461
JD,雀巢官方专卖店,https://mall.jd.com/index-666458.html,Gerber,https://item.jd.com/13674728744.html,13674728744
JD,雀巢官方专卖店,https://mall.jd.com/index-666458.html,Gerber,https://item.jd.com/13674728743.html,13674728743
JD,雀巢官方专卖店,https://mall.jd.com/index-666458.html,Gerber,https://item.jd.com/13674506362.html,13674506362
JD,雀巢官方专卖店,https://mall.jd.com/index-666458.html,Gerber,https://item.jd.com/13674506361.html,13674506361
JD,雀巢官方专卖店,https://mall.jd.com/index-666458.html,Gerber,https://item.jd.com/13674411005.html,13674411005
JD,雀巢官方专卖店,https://mall.jd.com/index-666458.html,Gerber,https://item.jd.com/13674411004.html,13674411004
JD,雀巢官方专卖店,https://mall.jd.com/index-666458.html,MOM,https://item.jd.com/13516246556.html,13516246556
JD,雀巢官方专卖店,https://mall.jd.com/index-666458.html,MOM,https://item.jd.com/13516246557.html,13516246557
JD,雀巢官方专卖店,https://mall.jd.com/index-666458.html,NAN,https://item.jd.com/12656575216.html,12656575216
JD,雀巢官方专卖店,https://mall.jd.com/index-666458.html,NAN,https://item.jd.com/12656575217.html,12656575217
JD,雀巢官方专卖店,https://mall.jd.com/index-666458.html,NAN,https://item.jd.com/12656575218.html,12656575218
JD,雀巢官方专卖店,https://mall.jd.com/index-666458.html,NAN,https://item.jd.com/12424200273.html,12424200273
JD,雀巢官方专卖店,https://mall.jd.com/index-666458.html,NAN,https://item.jd.com/12539168859.html,12539168859
JD,雀巢官方专卖店,https://mall.jd.com/index-666458.html,NAN HA,https://item.jd.com/12538674481.html,12538674481
JD,雀巢官方专卖店,https://mall.jd.com/index-666458.html,NAN,https://item.jd.com/12400682887.html,12400682887
JD,雀巢官方专卖店,https://mall.jd.com/index-666458.html,NAN,https://item.jd.com/13467926194.html,13467926194
JD,雀巢官方专卖店,https://mall.jd.com/index-666458.html,NAN,https://item.jd.com/12170684578.html,12170684578
JD,雀巢官方专卖店,https://mall.jd.com/index-666458.html,Gerber,https://item.jd.com/12301482752.html,12301482752
JD,雀巢官方专卖店,https://mall.jd.com/index-666458.html,Gerber,https://item.jd.com/12301180135.html,12301180135
JD,雀巢官方专卖店,https://mall.jd.com/index-666458.html,Gerber,https://item.jd.com/12301067262.html,12301067262
JD,雀巢官方专卖店,https://mall.jd.com/index-666458.html,Gerber,https://item.jd.com/12300597399.html,12300597399
JD,雀巢官方专卖店,https://mall.jd.com/index-666458.html,Gerber,https://item.jd.com/12300109800.html,12300109800
JD,雀巢官方专卖店,https://mall.jd.com/index-666458.html,Gerber,https://item.jd.com/12299611125.html,12299611125
JD,雀巢官方专卖店,https://mall.jd.com/index-666458.html,NAN,https://item.jd.com/12085074541.html,12085074541
JD,雀巢官方专卖店,https://mall.jd.com/index-666458.html,NAN,https://item.jd.com/12082581959.html,12082581959
JD,嘉宝京东自营旗舰店,https://mall.jd.com/index-1000002746.html,Gerber,https://item.jd.com/1240027.html,1240027
JD,嘉宝京东自营旗舰店,https://mall.jd.com/index-1000002746.html,Gerber,https://item.jd.com/255803.html,255803
JD,嘉宝京东自营旗舰店,https://mall.jd.com/index-1000002746.html,Gerber,https://item.jd.com/255802.html,255802
JD,嘉宝京东自营旗舰店,https://mall.jd.com/index-1000002746.html,Gerber,https://item.jd.com/1240022.html,1240022
JD,嘉宝京东自营旗舰店,https://mall.jd.com/index-1000002746.html,Gerber,https://item.jd.com/4857678.html,4857678
JD,嘉宝京东自营旗舰店,https://mall.jd.com/index-1000002746.html,Gerber,https://item.jd.com/255797.html,255797
JD,嘉宝京东自营旗舰店,https://mall.jd.com/index-1000002746.html,Gerber,https://item.jd.com/1140667.html,1140667
JD,嘉宝京东自营旗舰店,https://mall.jd.com/index-1000002746.html,Gerber,https://item.jd.com/255800.html,255800
JD,嘉宝京东自营旗舰店,https://mall.jd.com/index-1000002746.html,Gerber,https://item.jd.com/4080239.html,4080239
JD,嘉宝京东自营旗舰店,https://mall.jd.com/index-1000002746.html,Gerber,https://item.jd.com/255798.html,255798
JD,嘉宝京东自营旗舰店,https://mall.jd.com/index-1000002746.html,Gerber,https://item.jd.com/255799.html,255799
JD,嘉宝京东自营旗舰店,https://mall.jd.com/index-1000002746.html,Gerber,https://item.jd.com/6084935.html,6084935
JD,嘉宝京东自营旗舰店,https://mall.jd.com/index-1000002746.html,Gerber,https://item.jd.com/1240023.html,1240023
JD,嘉宝京东自营旗舰店,https://mall.jd.com/index-1000002746.html,Gerber,https://item.jd.com/1240024.html,1240024
JD,嘉宝京东自营旗舰店,https://mall.jd.com/index-1000002746.html,Gerber,https://item.jd.com/6078298.html,6078298
JD,嘉宝京东自营旗舰店,https://mall.jd.com/index-1000002746.html,Gerber,https://item.jd.com/5186742.html,5186742
JD,嘉宝京东自营旗舰店,https://mall.jd.com/index-1000002746.html,Gerber,https://item.jd.com/1339986.html,1339986
JD,嘉宝京东自营旗舰店,https://mall.jd.com/index-1000002746.html,Gerber,https://item.jd.com/1339964.html,1339964
JD,嘉宝京东自营旗舰店,https://mall.jd.com/index-1000002746.html,Gerber,https://item.jd.com/1339980.html,1339980
JD,嘉宝京东自营旗舰店,https://mall.jd.com/index-1000002746.html,Gerber,https://item.jd.com/1339973.html,1339973
JD,嘉宝京东自营旗舰店,https://mall.jd.com/index-1000002746.html,Gerber,https://item.jd.com/1339960.html,1339960
JD,嘉宝京东自营旗舰店,https://mall.jd.com/index-1000002746.html,Gerber,https://item.jd.com/1339978.html,1339978
JD,嘉宝京东自营旗舰店,https://mall.jd.com/index-1000002746.html,Gerber,https://item.jd.com/1339976.html,1339976
JD,嘉宝京东自营旗舰店,https://mall.jd.com/index-1000002746.html,Gerber,https://item.jd.com/1339992.html,1339992
JD,嘉宝京东自营旗舰店,https://mall.jd.com/index-1000002746.html,Gerber,https://item.jd.com/1339977.html,1339977
JD,嘉宝京东自营旗舰店,https://mall.jd.com/index-1000002746.html,Gerber,https://item.jd.com/1339987.html,1339987
JD,嘉宝京东自营旗舰店,https://mall.jd.com/index-1000002746.html,Gerber,https://item.jd.com/1339993.html,1339993
JD,嘉宝京东自营旗舰店,https://mall.jd.com/index-1000002746.html,Gerber,https://item.jd.com/1339981.html,1339981
JD,嘉宝京东自营旗舰店,https://mall.jd.com/index-1000002746.html,Gerber,https://item.jd.com/1339982.html,1339982
JD,嘉宝京东自营旗舰店,https://mall.jd.com/index-1000002746.html,Gerber,https://item.jd.com/1339965.html,1339965
JD,嘉宝京东自营旗舰店,https://mall.jd.com/index-1000002746.html,Gerber,https://item.jd.com/1339983.html,1339983
JD,嘉宝京东自营旗舰店,https://mall.jd.com/index-1000002746.html,Gerber,https://item.jd.com/1339974.html,1339974
JD,嘉宝京东自营旗舰店,https://mall.jd.com/index-1000002746.html,Gerber,https://item.jd.com/4244687.html,4244687
JD,嘉宝京东自营旗舰店,https://mall.jd.com/index-1000002746.html,Gerber,https://item.jd.com/5236331.html,5236331
Suning,雀巢母婴自营旗舰店,https://shop.suning.com/30000198/index.html,MOM,https://product.suning.com/0030000198/102878789.html,102878789
Suning,雀巢母婴自营旗舰店,https://shop.suning.com/30000198/index.html,MOM,https://product.suning.com/0030000198/102878788.html,102878788
Suning,雀巢母婴自营旗舰店,https://shop.suning.com/30000198/index.html,NAN,https://product.suning.com/0030000198/610800872.html,610800872
Suning,雀巢母婴自营旗舰店,https://shop.suning.com/30000198/index.html,NAN,https://product.suning.com/0030000198/610800875.html,610800875
Suning,雀巢母婴自营旗舰店,https://shop.suning.com/30000198/index.html,NAN,https://product.suning.com/0030000198/103630807.html,103630807
Suning,雀巢母婴自营旗舰店,https://shop.suning.com/30000198/index.html,NAN,https://product.suning.com/0030000198/610800873.html,610800873
Suning,雀巢母婴自营旗舰店,https://shop.suning.com/30000198/index.html,NAN,https://product.suning.com/0030000198/610800876.html,610800876
Suning,雀巢母婴自营旗舰店,https://shop.suning.com/30000198/index.html,NAN,https://product.suning.com/0030000198/610800856.html,610800856
Suning,雀巢母婴自营旗舰店,https://shop.suning.com/30000198/index.html,NAN,https://product.suning.com/0030000198/610800855.html,610800855
Suning,雀巢母婴自营旗舰店,https://shop.suning.com/30000198/index.html,NAN,https://product.suning.com/0030000198/610800857.html,610800857
Suning,雀巢母婴自营旗舰店,https://shop.suning.com/30000198/index.html,NAN,https://product.suning.com/0030000198/610800858.html,610800858
Suning,雀巢母婴自营旗舰店,https://shop.suning.com/30000198/index.html,NAN,https://product.suning.com/0030000198/610800874.html,610800874
Suning,雀巢母婴自营旗舰店,https://shop.suning.com/30000198/index.html,NAN HA,https://product.suning.com/0030000198/600017408.html,600017408
Suning,雀巢母婴自营旗舰店,https://shop.suning.com/30000198/index.html,NAN HA,https://product.suning.com/0030000198/600017407.html,600017407
Suning,雀巢母婴自营旗舰店,https://shop.suning.com/30000198/index.html,NAN HA,https://product.suning.com/0030000198/103721215.html,103721215
Suning,雀巢母婴自营旗舰店,https://shop.suning.com/30000198/index.html,NAN HA,https://product.suning.com/0030000198/600017406.html,600017406
Suning,雀巢母婴自营旗舰店,https://shop.suning.com/30000198/index.html,NAN HA,https://product.suning.com/0030000198/646949532.html,646949532
Suning,嘉宝官方旗舰店,https://shop.suning.com/30000266/index.html,Gerber,https://product.suning.com/0030000266/102461581.html,102461581
Suning,嘉宝官方旗舰店,https://shop.suning.com/30000266/index.html,Gerber,https://product.suning.com/0030000266/102461577.html,102461577
Suning,嘉宝官方旗舰店,https://shop.suning.com/30000266/index.html,Gerber,https://product.suning.com/0030000266/123999590.html,123999590
Suning,嘉宝官方旗舰店,https://shop.suning.com/30000266/index.html,Gerber,https://product.suning.com/0030000266/102461575.html,102461575
Suning,嘉宝官方旗舰店,https://shop.suning.com/30000266/index.html,Gerber,https://product.suning.com/0030000266/120278555.html,120278555
Suning,嘉宝官方旗舰店,https://shop.suning.com/30000266/index.html,Gerber,https://product.suning.com/0030000266/102461579.html,102461579
Suning,嘉宝官方旗舰店,https://shop.suning.com/30000266/index.html,Gerber,https://product.suning.com/0030000266/102461576.html,102461576
Suning,嘉宝官方旗舰店,https://shop.suning.com/30000266/index.html,Gerber,https://product.suning.com/0030000266/102461580.html,102461580
Suning,嘉宝官方旗舰店,https://shop.suning.com/30000266/index.html,Gerber,https://product.suning.com/0030000266/123996226.html,123996226
Suning,嘉宝官方旗舰店,https://shop.suning.com/30000266/index.html,Gerber,https://product.suning.com/0030000266/123998119.html,123998119
Suning,嘉宝官方旗舰店,https://shop.suning.com/30000266/index.html,Gerber,https://product.suning.com/0030000266/123997670.html,123997670
Suning,嘉宝官方旗舰店,https://shop.suning.com/30000266/index.html,Gerber,https://product.suning.com/0030000266/615596524.html,615596524
Suning,嘉宝官方旗舰店,https://shop.suning.com/30000266/index.html,Gerber,https://product.suning.com/0030000266/781978185.html,781978185
Suning,嘉宝官方旗舰店,https://shop.suning.com/30000266/index.html,Gerber,https://product.suning.com/0030000266/615596523.html,615596523
Suning,嘉宝官方旗舰店,https://shop.suning.com/30000266/index.html,Gerber,https://product.suning.com/0030000266/10092120760.html,10092120760
Suning,嘉宝官方旗舰店,https://shop.suning.com/30000266/index.html,Gerber,https://product.suning.com/0030000266/10092120759.html,10092120759
Tmall,雀巢母婴官方旗舰店,https://nestlemy.tmall.com/,NAN,https://detail.tmall.com/item.htm?id=533747959004,533747959004
Tmall,雀巢母婴官方旗舰店,https://nestlemy.tmall.com/,NAN,https://detail.tmall.com/item.htm?id=533065312599,533065312599
Tmall,雀巢母婴官方旗舰店,https://nestlemy.tmall.com/,NAN,https://detail.tmall.com/item.htm?id=44095998966,44095998966
Tmall,雀巢母婴官方旗舰店,https://nestlemy.tmall.com/,NAN,https://detail.tmall.com/item.htm?id=528373077759,528373077759
Tmall,雀巢母婴官方旗舰店,https://nestlemy.tmall.com/,NAN,https://detail.tmall.com/item.htm?id=532732517162,532732517162
Tmall,雀巢母婴官方旗舰店,https://nestlemy.tmall.com/,NAN,https://detail.tmall.com/item.htm?id=40337418469,40337418469
Tmall,雀巢母婴官方旗舰店,https://nestlemy.tmall.com/,NAN,https://detail.tmall.com/item.htm?id=536331066559,536331066559
Tmall,雀巢母婴官方旗舰店,https://nestlemy.tmall.com/,NAN,https://detail.tmall.com/item.htm?id=565044224463,565044224463
Tmall,雀巢母婴官方旗舰店,https://nestlemy.tmall.com/,NAN,https://detail.tmall.com/item.htm?id=23477636937,23477636937
Tmall,雀巢母婴官方旗舰店,https://nestlemy.tmall.com/,NAN,https://detail.tmall.com/item.htm?id=43961411815,43961411815
Tmall,雀巢母婴官方旗舰店,https://nestlemy.tmall.com/,NAN,https://detail.tmall.com/item.htm?id=36130973835,36130973835
Tmall,雀巢母婴官方旗舰店,https://nestlemy.tmall.com/,NAN,https://detail.tmall.com/item.htm?id=524641291671,524641291671
Tmall,雀巢母婴官方旗舰店,https://nestlemy.tmall.com/,NAN,https://detail.tmall.com/item.htm?id=23471120077,23471120077
Tmall,雀巢母婴官方旗舰店,https://nestlemy.tmall.com/,NAN,https://detail.tmall.com/item.htm?id=17648438926,17648438926
Tmall,雀巢母婴官方旗舰店,https://nestlemy.tmall.com/,NAN,https://detail.tmall.com/item.htm?id=17648538736,17648538736
Tmall,雀巢母婴官方旗舰店,https://nestlemy.tmall.com/,NAN,https://detail.tmall.com/item.htm?id=19480427581,19480427581
Tmall,雀巢母婴官方旗舰店,https://nestlemy.tmall.com/,NAN,https://detail.tmall.com/item.htm?id=529720140223,529720140223
Tmall,雀巢母婴官方旗舰店,https://nestlemy.tmall.com/,NAN,https://detail.tmall.com/item.htm?id=41205514458,41205514458
Tmall,雀巢母婴官方旗舰店,https://nestlemy.tmall.com/,NAN,https://detail.tmall.com/item.htm?id=41189695491,41189695491
Tmall,雀巢母婴官方旗舰店,https://nestlemy.tmall.com/,NAN,https://detail.tmall.com/item.htm?id=36130743621,36130743621
Tmall,雀巢母婴官方旗舰店,https://nestlemy.tmall.com/,NAN,https://detail.tmall.com/item.htm?id=558429345561,558429345561
Tmall,雀巢母婴官方旗舰店,https://nestlemy.tmall.com/,NAN,https://detail.tmall.com/item.htm?id=565504541187,565504541187
Tmall,雀巢母婴官方旗舰店,https://nestlemy.tmall.com/,MOM,https://detail.tmall.com/item.htm?id=18144234148,18144234148
Tmall,雀巢母婴官方旗舰店,https://nestlemy.tmall.com/,MOM,https://detail.tmall.com/item.htm?id=540059989502,540059989502
Tmall,雀巢母婴官方旗舰店,https://nestlemy.tmall.com/,MOM,https://detail.tmall.com/item.htm?id=547277581624,547277581624
Tmall,雀巢母婴官方旗舰店,https://nestlemy.tmall.com/,MOM,https://detail.tmall.com/item.htm?id=39244054131,39244054131
Tmall,雀巢母婴官方旗舰店,https://nestlemy.tmall.com/,NAN HA,https://detail.tmall.com/item.htm?id=545616955328,545616955328
Tmall,雀巢母婴官方旗舰店,https://nestlemy.tmall.com/,NAN HA,https://detail.tmall.com/item.htm?id=36984529022,36984529022
Tmall,雀巢母婴官方旗舰店,https://nestlemy.tmall.com/,NAN HA,https://detail.tmall.com/item.htm?id=23464208294,23464208294
Tmall,雀巢母婴官方旗舰店,https://nestlemy.tmall.com/,NAN HA,https://detail.tmall.com/item.htm?id=44104247673,44104247673
Tmall,雀巢母婴官方旗舰店,https://nestlemy.tmall.com/,NAN HA,https://detail.tmall.com/item.htm?id=556392094755,556392094755
Tmall,雀巢母婴官方旗舰店,https://nestlemy.tmall.com/,NAN HA,https://detail.tmall.com/item.htm?id=39234283947,39234283947
Tmall,雀巢母婴官方旗舰店,https://nestlemy.tmall.com/,NAN HA,https://detail.tmall.com/item.htm?id=545589366243,545589366243
Tmall,雀巢母婴官方旗舰店,https://nestlemy.tmall.com/,Gerber,https://detail.tmall.com/item.htm?id=545135822523,545135822523
Tmall,雀巢母婴官方旗舰店,https://nestlemy.tmall.com/,Gerber,https://detail.tmall.com/item.htm?id=544372646926,544372646926
Tmall,雀巢母婴官方旗舰店,https://nestlemy.tmall.com/,Gerber,https://detail.tmall.com/item.htm?id=553967190432,553967190432
Tmall,雀巢母婴官方旗舰店,https://nestlemy.tmall.com/,Gerber,https://detail.tmall.com/item.htm?id=539966275589,539966275589
Tmall,雀巢母婴官方旗舰店,https://nestlemy.tmall.com/,Gerber,https://detail.tmall.com/item.htm?id=539963816913,539963816913
Tmall,雀巢母婴官方旗舰店,https://nestlemy.tmall.com/,Gerber,https://detail.tmall.com/item.htm?id=544338112849,544338112849
Tmall,雀巢母婴官方旗舰店,https://nestlemy.tmall.com/,Gerber,https://detail.tmall.com/item.htm?id=539966158037,539966158037
Tmall,雀巢母婴官方旗舰店,https://nestlemy.tmall.com/,Gerber,https://detail.tmall.com/item.htm?id=544438110640,544438110640
Tmall,雀巢母婴官方旗舰店,https://nestlemy.tmall.com/,Gerber,https://detail.tmall.com/item.htm?id=539419425366,539419425366
Tmall,雀巢母婴官方旗舰店,https://nestlemy.tmall.com/,Gerber,https://detail.tmall.com/item.htm?id=544390975563,544390975563
Tmall,雀巢母婴官方旗舰店,https://nestlemy.tmall.com/,Gerber,https://detail.tmall.com/item.htm?id=559308160657,559308160657
Tmall,雀巢母婴官方旗舰店,https://nestlemy.tmall.com/,Gerber,https://detail.tmall.com/item.htm?id=540012314131,540012314131
Tmall,雀巢母婴官方旗舰店,https://nestlemy.tmall.com/,Gerber,https://detail.tmall.com/item.htm?id=554021827194,554021827194
Tmall,雀巢母婴官方旗舰店,https://nestlemy.tmall.com/,Gerber,https://detail.tmall.com/item.htm?id=545138770586,545138770586
Tmall,雀巢母婴官方旗舰店,https://nestlemy.tmall.com/,Gerber,https://detail.tmall.com/item.htm?id=558957811614,558957811614
Tmall,雀巢母婴官方旗舰店,https://nestlemy.tmall.com/,Gerber,https://detail.tmall.com/item.htm?id=558902414522,558902414522
Tmall,雀巢母婴官方旗舰店,https://nestlemy.tmall.com/,Gerber,https://detail.tmall.com/item.htm?id=539968095876,539968095876
Tmall,雀巢母婴官方旗舰店,https://nestlemy.tmall.com/,Gerber,https://detail.tmall.com/item.htm?id=553937549311,553937549311
Tmall,雀巢母婴官方旗舰店,https://nestlemy.tmall.com/,Gerber,https://detail.tmall.com/item.htm?id=539966316144,539966316144
Tmall,雀巢母婴官方旗舰店,https://nestlemy.tmall.com/,Gerber,https://detail.tmall.com/item.htm?id=543532688716,543532688716
Tmall,雀巢母婴官方旗舰店,https://nestlemy.tmall.com/,Gerber,https://detail.tmall.com/item.htm?id=539962244112,539962244112
Tmall,雀巢母婴官方旗舰店,https://nestlemy.tmall.com/,Gerber,https://detail.tmall.com/item.htm?id=558950059549,558950059549
Tmall,雀巢母婴官方旗舰店,https://nestlemy.tmall.com/,Gerber,https://detail.tmall.com/item.htm?id=540012726331,540012726331
Tmall,雀巢母婴官方旗舰店,https://nestlemy.tmall.com/,Gerber,https://detail.tmall.com/item.htm?id=540013292848,540013292848
Tmall,雀巢母婴官方旗舰店,https://nestlemy.tmall.com/,Gerber,https://detail.tmall.com/item.htm?id=539966536274,539966536274
Tmall,gerber嘉宝旗舰店,https://gerbermy.tmall.com/,Gerber,https://detail.tmall.com/item.htm?id=563487222700,563487222700
Tmall,gerber嘉宝旗舰店,https://gerbermy.tmall.com/,Gerber,https://detail.tmall.com/item.htm?id=563418565011,563418565011
Tmall,gerber嘉宝旗舰店,https://gerbermy.tmall.com/,Gerber,https://detail.tmall.com/item.htm?id=563431853815,563431853815
Tmall,gerber嘉宝旗舰店,https://gerbermy.tmall.com/,Gerber,https://detail.tmall.com/item.htm?id=563420605298,563420605298
Tmall,gerber嘉宝旗舰店,https://gerbermy.tmall.com/,Gerber,https://detail.tmall.com/item.htm?id=563419565674,563419565674
Tmall,gerber嘉宝旗舰店,https://gerbermy.tmall.com/,Gerber,https://detail.tmall.com/item.htm?id=563316704583,563316704583
Tmall,gerber嘉宝旗舰店,https://gerbermy.tmall.com/,Gerber,https://detail.tmall.com/item.htm?id=562946893247,562946893247
Tmall,gerber嘉宝旗舰店,https://gerbermy.tmall.com/,Gerber,https://detail.tmall.com/item.htm?id=563420381333,563420381333
Tmall,gerber嘉宝旗舰店,https://gerbermy.tmall.com/,Gerber,https://detail.tmall.com/item.htm?id=563419309173,563419309173
Tmall,gerber嘉宝旗舰店,https://gerbermy.tmall.com/,Gerber,https://detail.tmall.com/item.htm?id=562845712326,562845712326
Tmall,gerber嘉宝旗舰店,https://gerbermy.tmall.com/,Gerber,https://detail.tmall.com/item.htm?id=563090099989,563090099989
Tmall,gerber嘉宝旗舰店,https://gerbermy.tmall.com/,Gerber,https://detail.tmall.com/item.htm?id=562947573029,562947573029
Tmall,gerber嘉宝旗舰店,https://gerbermy.tmall.com/,Gerber,https://detail.tmall.com/item.htm?id=563035049517,563035049517
Tmall,gerber嘉宝旗舰店,https://gerbermy.tmall.com/,Gerber,https://detail.tmall.com/item.htm?id=562933884245,562933884245
Tmall,gerber嘉宝旗舰店,https://gerbermy.tmall.com/,Gerber,https://detail.tmall.com/item.htm?id=562830496721,562830496721
Tmall,gerber嘉宝旗舰店,https://gerbermy.tmall.com/,Gerber,https://detail.tmall.com/item.htm?id=563087323512,563087323512
Tmall,gerber嘉宝旗舰店,https://gerbermy.tmall.com/,Gerber,https://detail.tmall.com/item.htm?id=563008974246,563008974246
Tmall,gerber嘉宝旗舰店,https://gerbermy.tmall.com/,Gerber,https://detail.tmall.com/item.htm?id=562945937147,562945937147
Tmall,gerber嘉宝旗舰店,https://gerbermy.tmall.com/,Gerber,https://detail.tmall.com/item.htm?id=563088407802,563088407802
Tmall,gerber嘉宝旗舰店,https://gerbermy.tmall.com/,Gerber,https://detail.tmall.com/item.htm?id=562846656174,562846656174
Tmall,gerber嘉宝旗舰店,https://gerbermy.tmall.com/,Gerber,https://detail.tmall.com/item.htm?id=563037273548,563037273548
Tmall,gerber嘉宝旗舰店,https://gerbermy.tmall.com/,Gerber,https://detail.tmall.com/item.htm?id=563414185487,563414185487
Tmall,gerber嘉宝旗舰店,https://gerbermy.tmall.com/,Gerber,https://detail.tmall.com/item.htm?id=562960624385,562960624385
Tmall,gerber嘉宝旗舰店,https://gerbermy.tmall.com/,Gerber,https://detail.tmall.com/item.htm?id=563494735279,563494735279
Tmall,gerber嘉宝旗舰店,https://gerbermy.tmall.com/,Gerber,https://detail.tmall.com/item.htm?id=563129262930,563129262930
Tmall,gerber嘉宝旗舰店,https://gerbermy.tmall.com/,Gerber,https://detail.tmall.com/item.htm?id=563248300822,563248300822
Tmall,gerber嘉宝旗舰店,https://gerbermy.tmall.com/,Gerber,https://detail.tmall.com/item.htm?id=563248560489,563248560489
Tmall,gerber嘉宝旗舰店,https://gerbermy.tmall.com/,Gerber,https://detail.tmall.com/item.htm?id=563350305418,563350305418
Tmall,gerber嘉宝旗舰店,https://gerbermy.tmall.com/,Gerber,https://detail.tmall.com/item.htm?id=563348701369,563348701369
Tmall,gerber嘉宝旗舰店,https://gerbermy.tmall.com/,Gerber,https://detail.tmall.com/item.htm?id=563351157118,563351157118
Tmall,gerber嘉宝旗舰店,https://gerbermy.tmall.com/,Gerber,https://detail.tmall.com/item.htm?id=563063461843,563063461843
Tmall,gerber嘉宝旗舰店,https://gerbermy.tmall.com/,Gerber,https://detail.tmall.com/item.htm?id=563498754207,563498754207
Tmall,gerber嘉宝旗舰店,https://gerbermy.tmall.com/,Gerber,https://detail.tmall.com/item.htm?id=563328456991,563328456991
Tmall,gerber嘉宝旗舰店,https://gerbermy.tmall.com/,Gerber,https://detail.tmall.com/item.htm?id=563496502556,563496502556
Tmall,gerber嘉宝旗舰店,https://gerbermy.tmall.com/,Gerber,https://detail.tmall.com/item.htm?id=564994852144,564994852144
Tmall,gerber嘉宝旗舰店,https://gerbermy.tmall.com/,Gerber,https://detail.tmall.com/item.htm?id=563071053907,563071053907
Tmall,gerber嘉宝旗舰店,https://gerbermy.tmall.com/,Gerber,https://detail.tmall.com/item.htm?id=563408758794,563408758794
Tmall,gerber嘉宝旗舰店,https://gerbermy.tmall.com/,Gerber,https://detail.tmall.com/item.htm?id=563561819160,563561819160
Tmall,天猫苏宁旗舰店,https://suning.tmall.com/,MOM,https://detail.tmall.com/item.htm?id=523026121941,523026121941
Tmall,天猫苏宁旗舰店,https://suning.tmall.com/,MOM,https://detail.tmall.com/item.htm?id=523000703198,523000703198
Tmall,天猫苏宁旗舰店,https://suning.tmall.com/,NAN HA,https://detail.tmall.com/item.htm?id=556308588016,556308588016
Tmall,天猫苏宁旗舰店,https://suning.tmall.com/,NAN,https://detail.tmall.com/item.htm?id=550045667246,550045667246
Tmall,天猫苏宁旗舰店,https://suning.tmall.com/,NAN HA,https://detail.tmall.com/item.htm?id=550571692826,550571692826
Tmall,天猫苏宁旗舰店,https://suning.tmall.com/,NAN HA,https://detail.tmall.com/item.htm?id=551519582578,551519582578
Tmall,天猫苏宁旗舰店,https://suning.tmall.com/,NAN HA,https://detail.tmall.com/item.htm?id=550041691914,550041691914
Tmall,天猫苏宁旗舰店,https://suning.tmall.com/,NAN HA,https://detail.tmall.com/item.htm?id=549566966809,549566966809
Tmall,天猫苏宁旗舰店,https://suning.tmall.com/,NAN HA,https://detail.tmall.com/item.htm?id=564878985450,564878985450
Tmall,天猫苏宁旗舰店,https://suning.tmall.com/,NAN HA,https://detail.tmall.com/item.htm?id=560617745513,560617745513
Tmall,天猫苏宁旗舰店,https://suning.tmall.com/,NAN,https://detail.tmall.com/item.htm?id=551439604956,551439604956
Tmall,天猫苏宁旗舰店,https://suning.tmall.com/,NAN,https://detail.tmall.com/item.htm?id=558695572405,558695572405
Tmall,天猫苏宁旗舰店,https://suning.tmall.com/,NAN,https://detail.tmall.com/item.htm?id=550015274487,550015274487
Tmall,天猫苏宁旗舰店,https://suning.tmall.com/,NAN,https://detail.tmall.com/item.htm?id=549985973065,549985973065
Tmall,天猫苏宁旗舰店,https://suning.tmall.com/,NAN,https://detail.tmall.com/item.htm?id=551438024077,551438024077
Tmall,天猫苏宁旗舰店,https://suning.tmall.com/,NAN,https://detail.tmall.com/item.htm?id=549940276744,549940276744
Tmall,天猫苏宁旗舰店,https://suning.tmall.com/,NAN,https://detail.tmall.com/item.htm?id=549989801514,549989801514
Tmall,天猫苏宁旗舰店,https://suning.tmall.com/,NAN,https://detail.tmall.com/item.htm?id=522867607321,522867607321
Tmall,天猫苏宁旗舰店,https://suning.tmall.com/,NAN,https://detail.tmall.com/item.htm?id=550050763816,550050763816
Tmall,天猫苏宁旗舰店,https://suning.tmall.com/,NAN,https://detail.tmall.com/item.htm?id=551525442096,551525442096
Tmall,天猫苏宁旗舰店,https://suning.tmall.com/,NAN,https://detail.tmall.com/item.htm?id=523244710373,523244710373
Tmall,天猫苏宁旗舰店,https://suning.tmall.com/,NAN,https://detail.tmall.com/item.htm?id=551439040418,551439040418
Tmall,天猫苏宁旗舰店,https://suning.tmall.com/,NAN,https://detail.tmall.com/item.htm?id=549935960334,549935960334
Tmall,天猫苏宁旗舰店,https://suning.tmall.com/,NAN,https://detail.tmall.com/item.htm?id=550049775672,550049775672
Tmall,天猫苏宁旗舰店,https://suning.tmall.com/,NAN,https://detail.tmall.com/item.htm?id=549991133910,549991133910
Tmall,天猫苏宁旗舰店,https://suning.tmall.com/,Gerber,https://detail.tmall.com/item.htm?id=558939033824,558939033824
Tmall,天猫苏宁旗舰店,https://suning.tmall.com/,Gerber,https://detail.tmall.com/item.htm?id=559058855691,559058855691
Tmall,天猫苏宁旗舰店,https://suning.tmall.com/,Gerber,https://detail.tmall.com/item.htm?id=538168745647,538168745647
Tmall,天猫苏宁旗舰店,https://suning.tmall.com/,Gerber,https://detail.tmall.com/item.htm?id=559060107295,559060107295
Tmall,天猫苏宁旗舰店,https://suning.tmall.com/,Gerber,https://detail.tmall.com/item.htm?id=559061067475,559061067475
Tmall,天猫苏宁旗舰店,https://suning.tmall.com/,Gerber,https://detail.tmall.com/item.htm?id=559057139342,559057139342
Tmall,天猫苏宁旗舰店,https://suning.tmall.com/,Gerber,https://detail.tmall.com/item.htm?id=535979879291,535979879291
Tmall,天猫苏宁旗舰店,https://suning.tmall.com/,Gerber,https://detail.tmall.com/item.htm?id=558927787922,558927787922
Tmall,天猫苏宁旗舰店,https://suning.tmall.com/,Gerber,https://detail.tmall.com/item.htm?id=558863744021,558863744021
Tmall,天猫苏宁旗舰店,https://suning.tmall.com/,Gerber,https://detail.tmall.com/item.htm?id=538049955864,538049955864
Tmall,天猫苏宁旗舰店,https://suning.tmall.com/,Gerber,https://detail.tmall.com/item.htm?id=559072843540,559072843540
Tmall,天猫苏宁旗舰店,https://suning.tmall.com/,Gerber,https://detail.tmall.com/item.htm?id=560240862759,560240862759
Tmall,天猫苏宁旗舰店,https://suning.tmall.com/,Gerber,https://detail.tmall.com/item.htm?id=536050582491,536050582491
Tmall,天猫苏宁旗舰店,https://suning.tmall.com/,Gerber,https://detail.tmall.com/item.htm?id=558927727575,558927727575
Tmall,天猫苏宁旗舰店,https://suning.tmall.com/,Gerber,https://detail.tmall.com/item.htm?id=558991206565,558991206565
Tmall,天猫苏宁旗舰店,https://suning.tmall.com/,Gerber,https://detail.tmall.com/item.htm?id=535978323415,535978323415
Tmall,天猫苏宁旗舰店,https://suning.tmall.com/,Gerber,https://detail.tmall.com/item.htm?id=558861710683,558861710683
Tmall,天猫苏宁旗舰店,https://suning.tmall.com/,Gerber,https://detail.tmall.com/item.htm?id=535978299499,535978299499
Tmall,天猫苏宁旗舰店,https://suning.tmall.com/,Gerber,https://detail.tmall.com/item.htm?id=559057711673,559057711673
Tmall,天猫苏宁旗舰店,https://suning.tmall.com/,Gerber,https://detail.tmall.com/item.htm?id=535978191630,535978191630
Tmall,天猫苏宁旗舰店,https://suning.tmall.com/,Gerber,https://detail.tmall.com/item.htm?id=551938397292,551938397292
Tmall,天猫苏宁旗舰店,https://suning.tmall.com/,Gerber,https://detail.tmall.com/item.htm?id=551918269493,551918269493
Tmall,天猫苏宁旗舰店,https://suning.tmall.com/,Gerber,https://detail.tmall.com/item.htm?id=551936745363,551936745363
Tmall,天猫苏宁旗舰店,https://suning.tmall.com/,Gerber,https://detail.tmall.com/item.htm?id=529398494706,529398494706
Tmall,天猫苏宁旗舰店,https://suning.tmall.com/,Gerber,https://detail.tmall.com/item.htm?id=524799622154,524799622154
Tmall,天猫超市,https://chaoshi.tmall.com/,MOM,https://chaoshi.detail.tmall.com/item.htm?id=26217600545,26217600545
Tmall,天猫超市,https://chaoshi.tmall.com/,MOM,https://chaoshi.detail.tmall.com/item.htm?id=533989504167,533989504167
Tmall,天猫超市,https://chaoshi.tmall.com/,MOM,https://chaoshi.detail.tmall.com/item.htm?id=538101507391,538101507391
Tmall,天猫超市,https://chaoshi.tmall.com/,MOM,https://chaoshi.detail.tmall.com/item.htm?id=538096447689,538096447689
Tmall,天猫超市,https://chaoshi.tmall.com/,MOM,https://chaoshi.detail.tmall.com/item.htm?id=554456502030,554456502030
Tmall,天猫超市,https://chaoshi.tmall.com/,NAN HA,https://chaoshi.detail.tmall.com/item.htm?id=557305798317,557305798317
Tmall,天猫超市,https://chaoshi.tmall.com/,NAN HA,https://chaoshi.detail.tmall.com/item.htm?id=557252321309,557252321309
Tmall,天猫超市,https://chaoshi.tmall.com/,NAN HA,https://chaoshi.detail.tmall.com/item.htm?id=557257361633,557257361633
Tmall,天猫超市,https://chaoshi.tmall.com/,NAN HA,https://chaoshi.detail.tmall.com/item.htm?id=559179304670,559179304670
Tmall,天猫超市,https://chaoshi.tmall.com/,NAN HA,https://chaoshi.detail.tmall.com/item.htm?id=561025690015,561025690015
Tmall,天猫超市,https://chaoshi.tmall.com/,NAN HA,https://chaoshi.detail.tmall.com/item.htm?id=561377683672,561377683672
Tmall,天猫超市,https://chaoshi.tmall.com/,NAN,https://chaoshi.detail.tmall.com/item.htm?id=557250201024,557250201024
Tmall,天猫超市,https://chaoshi.tmall.com/,NAN,https://chaoshi.detail.tmall.com/item.htm?id=557304826984,557304826984
Tmall,天猫超市,https://chaoshi.tmall.com/,NAN,https://chaoshi.detail.tmall.com/item.htm?id=520500394065,520500394065
Tmall,天猫超市,https://chaoshi.tmall.com/,NAN,https://chaoshi.detail.tmall.com/item.htm?id=536777966001,536777966001
Tmall,天猫超市,https://chaoshi.tmall.com/,NAN,https://chaoshi.detail.tmall.com/item.htm?id=557297066706,557297066706
Tmall,天猫超市,https://chaoshi.tmall.com/,NAN,https://chaoshi.detail.tmall.com/item.htm?id=557171392559,557171392559
Tmall,天猫超市,https://chaoshi.tmall.com/,NAN,https://chaoshi.detail.tmall.com/item.htm?id=557303902515,557303902515
Tmall,天猫超市,https://chaoshi.tmall.com/,NAN,https://chaoshi.detail.tmall.com/item.htm?id=559269241736,559269241736
Tmall,天猫超市,https://chaoshi.tmall.com/,NAN,https://chaoshi.detail.tmall.com/item.htm?id=557165008970,557165008970
Tmall,天猫超市,https://chaoshi.tmall.com/,NAN,https://chaoshi.detail.tmall.com/item.htm?id=520499954937,520499954937
Tmall,天猫超市,https://chaoshi.tmall.com/,NAN,https://chaoshi.detail.tmall.com/item.htm?id=557298018125,557298018125
Tmall,天猫超市,https://chaoshi.tmall.com/,NAN,https://chaoshi.detail.tmall.com/item.htm?id=557362839334,557362839334
Tmall,天猫超市,https://chaoshi.tmall.com/,NAN,https://chaoshi.detail.tmall.com/item.htm?id=536741860116,536741860116
Tmall,天猫超市,https://chaoshi.tmall.com/,NAN,https://chaoshi.detail.tmall.com/item.htm?id=557173516352,557173516352
Tmall,天猫超市,https://chaoshi.tmall.com/,Gerber,https://chaoshi.detail.tmall.com/item.htm?id=14023444768,14023444768
Tmall,天猫超市,https://chaoshi.tmall.com/,Gerber,https://chaoshi.detail.tmall.com/item.htm?id=536996140783,536996140783
Tmall,天猫超市,https://chaoshi.tmall.com/,Gerber,https://chaoshi.detail.tmall.com/item.htm?id=536847031903,536847031903
Tmall,天猫超市,https://chaoshi.tmall.com/,Gerber,https://chaoshi.detail.tmall.com/item.htm?id=520270699637,520270699637
Tmall,天猫超市,https://chaoshi.tmall.com/,Gerber,https://chaoshi.detail.tmall.com/item.htm?id=14023480446,14023480446
Tmall,天猫超市,https://chaoshi.tmall.com/,Gerber,https://chaoshi.detail.tmall.com/item.htm?id=13082654232,13082654232
Tmall,天猫超市,https://chaoshi.tmall.com/,Gerber,https://chaoshi.detail.tmall.com/item.htm?id=522920732025,522920732025
Tmall,天猫超市,https://chaoshi.tmall.com/,Gerber,https://chaoshi.detail.tmall.com/item.htm?id=520272996081,520272996081
Tmall,天猫超市,https://chaoshi.tmall.com/,Gerber,https://chaoshi.detail.tmall.com/item.htm?id=520270401714,520270401714
Tmall,天猫超市,https://chaoshi.tmall.com/,Gerber,https://chaoshi.detail.tmall.com/item.htm?id=534573615994,534573615994
Tmall,天猫超市,https://chaoshi.tmall.com/,Gerber,https://chaoshi.detail.tmall.com/item.htm?id=564080535159,564080535159
Tmall,天猫超市,https://chaoshi.tmall.com/,Gerber,https://chaoshi.detail.tmall.com/item.htm?id=522893959694,522893959694
Tmall,天猫超市,https://chaoshi.tmall.com/,Gerber,https://chaoshi.detail.tmall.com/item.htm?id=520272726233,520272726233
Tmall,天猫超市,https://chaoshi.tmall.com/,Gerber,https://chaoshi.detail.tmall.com/item.htm?id=14023436964,14023436964
Tmall,天猫超市,https://chaoshi.tmall.com/,Gerber,https://chaoshi.detail.tmall.com/item.htm?id=536847315304,536847315304
Tmall,天猫超市,https://chaoshi.tmall.com/,Gerber,https://chaoshi.detail.tmall.com/item.htm?id=563946821989,563946821989
Tmall,天猫超市,https://chaoshi.tmall.com/,Gerber,https://chaoshi.detail.tmall.com/item.htm?id=564104944588,564104944588
Tmall,天猫超市,https://chaoshi.tmall.com/,Gerber,https://chaoshi.detail.tmall.com/item.htm?id=534574151394,534574151394
Tmall,天猫超市,https://chaoshi.tmall.com/,Gerber,https://chaoshi.detail.tmall.com/item.htm?id=539027931957,539027931957
Tmall,天猫超市,https://chaoshi.tmall.com/,Gerber,https://chaoshi.detail.tmall.com/item.htm?id=520273012067,520273012067
Tmall,天猫超市,https://chaoshi.tmall.com/,Gerber,https://chaoshi.detail.tmall.com/item.htm?id=563948033154,563948033154
Tmall,天猫超市,https://chaoshi.tmall.com/,Gerber,https://chaoshi.detail.tmall.com/item.htm?id=536957937847,536957937847
Tmall,天猫超市,https://chaoshi.tmall.com/,Gerber,https://chaoshi.detail.tmall.com/item.htm?id=536920910593,536920910593
Tmall,天猫超市,https://chaoshi.tmall.com/,Gerber,https://chaoshi.detail.tmall.com/item.htm?id=552294913080,552294913080
Tmall,天猫超市,https://chaoshi.tmall.com/,Gerber,https://chaoshi.detail.tmall.com/item.htm?id=540290207969,540290207969
Tmall,天猫超市,https://chaoshi.tmall.com/,Gerber,https://chaoshi.detail.tmall.com/item.htm?id=540283992485,540283992485
Tmall,天猫超市,https://chaoshi.tmall.com/,Gerber,https://chaoshi.detail.tmall.com/item.htm?id=536695972182,536695972182
Tmall,天猫超市,https://chaoshi.tmall.com/,Gerber,https://chaoshi.detail.tmall.com/item.htm?id=536847011852,536847011852
Tmall,天猫超市,https://chaoshi.tmall.com/,Gerber,https://chaoshi.detail.tmall.com/item.htm?id=536847235462,536847235462
Tmall,天猫超市,https://chaoshi.tmall.com/,Gerber,https://chaoshi.detail.tmall.com/item.htm?id=552329550911,552329550911
Tmall,天猫超市,https://chaoshi.tmall.com/,Gerber,https://chaoshi.detail.tmall.com/item.htm?id=536847243435,536847243435
Tmall,天猫超市,https://chaoshi.tmall.com/,Gerber,https://chaoshi.detail.tmall.com/item.htm?id=536610825986,536610825986
Tmall,天猫超市,https://chaoshi.tmall.com/,Gerber,https://chaoshi.detail.tmall.com/item.htm?id=536349658964,536349658964
Tmall,天猫超市,https://chaoshi.tmall.com/,Gerber,https://chaoshi.detail.tmall.com/item.htm?id=534640574617,534640574617
