Store,Sub_store,Store_url,product_description,Brand,rpc,review_id,username,review_rating,variant_1,variant_2,url,review_date,review_text
Suning,雀巢母婴自营旗舰店,https://shop.suning.com/30000198/index.html,自营 雀巢 (Nestle) 妈妈孕产妇营养配方奶粉 （孕期哺乳期适用）900g罐装,MOM,102878789,,,5.0,,,http://product.suning.com/0030000198/102878789.html,2018-01-05T22:45:04,一直给宝妈买这款奶粉
Suning,雀巢母婴自营旗舰店,https://shop.suning.com/30000198/index.html,自营 雀巢 (Nestle) 妈妈孕产妇营养配方奶粉 （孕期哺乳期适用）900g罐装,MOM,102878789,,,5.0,,,http://product.suning.com/0030000198/102878789.html,2018-01-30T11:39:39,老婆比较喜欢这款的口味，再次购买雀巢孕妈。包装宣传的好，希望效果也很好，200毫升水5平勺奶粉，充分搅拌后，有一些不溶于水，出现一些奶块，不知是不是水少的缘故，再次加水，还是会有一些。老婆最近开始长疙瘩，不知和喝奶粉有没有关系。
Suning,雀巢母婴自营旗舰店,https://shop.suning.com/30000198/index.html,自营 雀巢 (Nestle) 妈妈孕产妇营养配方奶粉 （孕期哺乳期适用）900g罐装,MOM,102878789,,,5.0,,,http://product.suning.com/0030000198/102878789.html,2018-01-22T16:42:52,五星好评了，让我说吗，这奶粉我对象指定要买，原因是之前一直喝雀巢咖啡，为了雀巢会员积分!
Suning,雀巢母婴自营旗舰店,https://shop.suning.com/30000198/index.html,自营 雀巢 (Nestle) 妈妈孕产妇营养配方奶粉 （孕期哺乳期适用）900g罐装,MOM,102878789,,,5.0,,,http://product.suning.com/0030000198/102878789.html,2018-01-23T20:04:10,质量非常好，与卖家描述的完全一致，非常满意，真的很喜欢，完全超出期望值，发货速度非常快，包装非常仔细、严实，物流公司服务态度很好，运送速度很快，很满意的一次购物
Suning,雀巢母婴自营旗舰店,https://shop.suning.com/30000198/index.html,自营 雀巢 (Nestle) 妈妈孕产妇营养配方奶粉 （孕期哺乳期适用）900g罐装,MOM,102878789,,,5.0,,,http://product.suning.com/0030000198/102878789.html,2018-01-28T17:34:23,口感清淡没有其他味道，营养全面
Suning,雀巢母婴自营旗舰店,https://shop.suning.com/30000198/index.html,自营 雀巢 (Nestle) 妈妈孕产妇营养配方奶粉 （孕期哺乳期适用）900g罐装,MOM,102878789,,,5.0,,,http://product.suning.com/0030000198/102878789.html,2018-01-24T10:46:42,奶味很香，不需要放糖也有甜味。口感不错，老婆喜欢
Suning,雀巢母婴自营旗舰店,https://shop.suning.com/30000198/index.html,自营 雀巢 (Nestle) 妈妈孕产妇营养配方奶粉 （孕期哺乳期适用）900g罐装,MOM,102878789,,,5.0,,,http://product.suning.com/0030000198/102878789.html,2018-01-31T08:10:10,很好
Suning,雀巢母婴自营旗舰店,https://shop.suning.com/30000198/index.html,自营 雀巢 (Nestle) 妈妈孕产妇营养配方奶粉 （孕期哺乳期适用）900g罐装,MOM,102878789,,,5.0,,,http://product.suning.com/0030000198/102878789.html,2018-01-22T00:09:22,苏宁自营，还是很放心的
Suning,雀巢母婴自营旗舰店,https://shop.suning.com/30000198/index.html,自营 雀巢 (Nestle) 妈妈孕产妇营养配方奶粉 （孕期哺乳期适用）900g罐装,MOM,102878789,,,4.0,,,http://product.suning.com/0030000198/102878789.html,2018-01-26T09:46:51,好喝
Suning,雀巢母婴自营旗舰店,https://shop.suning.com/30000198/index.html,自营 雀巢 (Nestle) 妈妈孕产妇营养配方奶粉 （孕期哺乳期适用）900g罐装,MOM,102878789,,,5.0,,,http://product.suning.com/0030000198/102878789.html,2018-01-05T14:58:49,估计多年没喝奶粉的缘故，还是觉得甜。不过就像雀巢女士奶粉，口感不错
Suning,雀巢母婴自营旗舰店,https://shop.suning.com/30000198/index.html,自营 雀巢 (Nestle) 妈妈孕产妇营养配方奶粉 （孕期哺乳期适用）900g罐装,MOM,102878789,,,5.0,,,http://product.suning.com/0030000198/102878789.html,2018-01-15T16:54:06,可以
Suning,雀巢母婴自营旗舰店,https://shop.suning.com/30000198/index.html,自营 雀巢 (Nestle) 妈妈孕产妇营养配方奶粉 （孕期哺乳期适用）900g罐装,MOM,102878789,,,5.0,,,http://product.suning.com/0030000198/102878789.html,2018-01-10T13:53:24,这价格，浮动也太大了。之前139，现在175，醉了
Suning,雀巢母婴自营旗舰店,https://shop.suning.com/30000198/index.html,自营 雀巢 (Nestle) 妈妈孕产妇营养配方奶粉 （孕期哺乳期适用）900g罐装,MOM,102878789,,,5.0,,,http://product.suning.com/0030000198/102878789.html,2018-01-13T10:32:28,好啊
Suning,雀巢母婴自营旗舰店,https://shop.suning.com/30000198/index.html,自营 雀巢 (Nestle) 妈妈孕产妇营养配方奶粉 （孕期哺乳期适用）900g罐装,MOM,102878789,,,5.0,,,http://product.suning.com/0030000198/102878789.html,2018-01-01T10:44:44,不错的，
Suning,雀巢母婴自营旗舰店,https://shop.suning.com/30000198/index.html,自营 雀巢 (Nestle) 雀巢妈妈孕产妇营养配方奶粉（孕期哺乳期适用）400g盒装DHA叶酸和钙,MOM,102878788,,,5.0,,,http://product.suning.com/0030000198/102878788.html,2018-01-02T10:47:12,在红孩子孕妈课堂上买的。价格很实惠，口味也不错。
Suning,雀巢母婴自营旗舰店,https://shop.suning.com/30000198/index.html,自营 雀巢 (Nestle) 雀巢妈妈孕产妇营养配方奶粉（孕期哺乳期适用）400g盒装DHA叶酸和钙,MOM,102878788,,,5.0,,,http://product.suning.com/0030000198/102878788.html,2018-01-31T20:49:03,苏宁易购就是好，下单立马送到家，要什么有什么。
Suning,雀巢母婴自营旗舰店,https://shop.suning.com/30000198/index.html,自营 雀巢 (Nestle) 雀巢妈妈孕产妇营养配方奶粉（孕期哺乳期适用）400g盒装DHA叶酸和钙,MOM,102878788,,,5.0,,,http://product.suning.com/0030000198/102878788.html,2018-01-31T17:09:16,不错
Suning,雀巢母婴自营旗舰店,https://shop.suning.com/30000198/index.html,自营 雀巢 (Nestle) 雀巢妈妈孕产妇营养配方奶粉（孕期哺乳期适用）400g盒装DHA叶酸和钙,MOM,102878788,,,5.0,,,http://product.suning.com/0030000198/102878788.html,2018-01-26T23:19:33,口感不错，喜欢。。。
Suning,雀巢母婴自营旗舰店,https://shop.suning.com/30000198/index.html,自营 雀巢 (Nestle) 雀巢妈妈孕产妇营养配方奶粉（孕期哺乳期适用）400g盒装DHA叶酸和钙,MOM,102878788,,,4.0,,,http://product.suning.com/0030000198/102878788.html,2018-01-17T20:19:58,日期是17年6月的，送的也很快。但我要吐糟这个包装，一道道折痕，怎么？被了吗？
Suning,雀巢母婴自营旗舰店,https://shop.suning.com/30000198/index.html,自营 雀巢 (Nestle) 雀巢妈妈孕产妇营养配方奶粉（孕期哺乳期适用）400g盒装DHA叶酸和钙,MOM,102878788,,,5.0,,,http://product.suning.com/0030000198/102878788.html,2018-01-26T18:19:09,好评
Suning,雀巢母婴自营旗舰店,https://shop.suning.com/30000198/index.html,自营 雀巢 (Nestle) 雀巢妈妈孕产妇营养配方奶粉（孕期哺乳期适用）400g盒装DHA叶酸和钙,MOM,102878788,,,5.0,,,http://product.suning.com/0030000198/102878788.html,2018-01-25T22:26:57,好好好
Suning,雀巢母婴自营旗舰店,https://shop.suning.com/30000198/index.html,自营 雀巢 (Nestle) 雀巢妈妈孕产妇营养配方奶粉（孕期哺乳期适用）400g盒装DHA叶酸和钙,MOM,102878788,,,5.0,,,http://product.suning.com/0030000198/102878788.html,2018-01-17T16:10:59,不错
Suning,雀巢母婴自营旗舰店,https://shop.suning.com/30000198/index.html,自营 雀巢 (Nestle) 雀巢妈妈孕产妇营养配方奶粉（孕期哺乳期适用）400g盒装DHA叶酸和钙,MOM,102878788,,,5.0,,,http://product.suning.com/0030000198/102878788.html,2018-01-16T08:28:08,超便宜又正
Suning,雀巢母婴自营旗舰店,https://shop.suning.com/30000198/index.html,自营 雀巢 (Nestle) 雀巢妈妈孕产妇营养配方奶粉（孕期哺乳期适用）400g盒装DHA叶酸和钙,MOM,102878788,,,5.0,,,http://product.suning.com/0030000198/102878788.html,2018-01-11T16:30:14,挺不错的。和娃一起喝的！
Suning,雀巢母婴自营旗舰店,https://shop.suning.com/30000198/index.html,自营 雀巢 (Nestle) 雀巢妈妈孕产妇营养配方奶粉（孕期哺乳期适用）400g盒装DHA叶酸和钙,MOM,102878788,,,5.0,,,http://product.suning.com/0030000198/102878788.html,2018-01-12T19:04:35,不错
Suning,雀巢母婴自营旗舰店,https://shop.suning.com/30000198/index.html,自营 雀巢 (Nestle) 雀巢妈妈孕产妇营养配方奶粉（孕期哺乳期适用）400g盒装DHA叶酸和钙,MOM,102878788,,,5.0,,,http://product.suning.com/0030000198/102878788.html,2018-01-11T10:57:48,一直喝
Suning,雀巢母婴自营旗舰店,https://shop.suning.com/30000198/index.html,自营 雀巢 (Nestle) 雀巢妈妈孕产妇营养配方奶粉（孕期哺乳期适用）400g盒装DHA叶酸和钙,MOM,102878788,,,5.0,,,http://product.suning.com/0030000198/102878788.html,2018-01-08T07:10:16,可以 有点小贵
Suning,雀巢母婴自营旗舰店,https://shop.suning.com/30000198/index.html,自营 雀巢 (Nestle) 雀巢妈妈孕产妇营养配方奶粉（孕期哺乳期适用）400g盒装DHA叶酸和钙,MOM,102878788,,,5.0,,,http://product.suning.com/0030000198/102878788.html,2018-01-07T11:05:12,好
Tmall,雀巢母婴官方旗舰店,https://nestlemy.tmall.com/,【雀巢官方】雀巢妈妈孕产妇配方奶粉（孕期和哺乳期适用）900g*2-tmall.com天猫,MOM,18144234148,339635594411.0,w***6,,,,https://detail.tmall.com/item.htm?id=18144234148,2018-01-31 22:18:12,有点磕碰可能，第一罐喝的不错，第二罐味道有点不一样，媳妇还在喝，喝的差不多在评价！
Tmall,雀巢母婴官方旗舰店,https://nestlemy.tmall.com/,【雀巢官方】雀巢妈妈孕产妇配方奶粉（孕期和哺乳期适用）900g*2-tmall.com天猫,MOM,18144234148,339279067478.0,淡***紫,,,,https://detail.tmall.com/item.htm?id=18144234148,2018-01-28 20:55:58,还没吃，包装挺好，不会磕碰到。我倒半天没倒出来，又使不上劲，哈哈。
Tmall,雀巢母婴官方旗舰店,https://nestlemy.tmall.com/,【雀巢官方】雀巢妈妈孕产妇配方奶粉（孕期和哺乳期适用）900g*2-tmall.com天猫,MOM,18144234148,339192362862.0,月***2,,,,https://detail.tmall.com/item.htm?id=18144234148,2018-01-27 19:39:32,口感跟上次一样 囤货 就是买早了  没赶上年货节 亏大了
Tmall,雀巢母婴官方旗舰店,https://nestlemy.tmall.com/,【雀巢官方】雀巢妈妈孕产妇配方奶粉（孕期和哺乳期适用）900g*2-tmall.com天猫,MOM,18144234148,339184509002.0,月***2,,,,https://detail.tmall.com/item.htm?id=18144234148,2018-01-27 19:38:00,好喝
Tmall,雀巢母婴官方旗舰店,https://nestlemy.tmall.com/,【雀巢官方】雀巢妈妈孕产妇配方奶粉（孕期和哺乳期适用）900g*2-tmall.com天猫,MOM,18144234148,339197858527.0,l***1,,,,https://detail.tmall.com/item.htm?id=18144234148,2018-01-27 13:24:48,我很喜欢吃巧克力，喜欢甜品，孩子们也喜欢，德芙巧克力大牌子，吃着放心安全，旗舰店的买着放心，各种口味的齐全，一样来一个，都尝尝，我很喜欢吃巧克力，喜欢甜品，孩子们也喜欢，德芙巧克力大牌子，吃着放心安全，旗舰店的买着放心，各种口味的齐全，一样来一个，都尝尝，我很喜欢吃巧克力，喜欢甜品，孩子们也喜欢，德芙巧克力大牌子，吃着放心安全，旗舰店的买着放心，各种口味的齐全，一样来一个，都尝尝，
Tmall,雀巢母婴官方旗舰店,https://nestlemy.tmall.com/,【雀巢官方】雀巢妈妈孕产妇配方奶粉（孕期和哺乳期适用）900g*2-tmall.com天猫,MOM,18144234148,337846366870.0,不***涩,,,,https://detail.tmall.com/item.htm?id=18144234148,2018-01-15 15:16:07,喝了俩次了还不错，和纯奶差不多，但也不一样的味道，我不喜欢喝纯牛奶，所以挺喜欢的，外包装也挺好的
Tmall,雀巢母婴官方旗舰店,https://nestlemy.tmall.com/,【雀巢官方】雀巢妈妈孕产妇配方奶粉（孕期和哺乳期适用）900g*2-tmall.com天猫,MOM,18144234148,338923426940.0,n***你,,,,https://detail.tmall.com/item.htm?id=18144234148,2018-01-13 13:23:33,此用户没有填写评论!
Tmall,雀巢母婴官方旗舰店,https://nestlemy.tmall.com/,【雀巢官方】雀巢妈妈孕产妇配方奶粉（孕期和哺乳期适用）900g*2-tmall.com天猫,MOM,18144234148,337031004362.0,q***i,,,,https://detail.tmall.com/item.htm?id=18144234148,2018-01-08 15:33:01,不错的购物，非常喜欢和愉快，赞一个！
Tmall,雀巢母婴官方旗舰店,https://nestlemy.tmall.com/,【雀巢官方】雀巢妈妈孕产妇配方奶粉（孕期和哺乳期适用）900g*2-tmall.com天猫,MOM,18144234148,336405462357.0,淘***5,,,,https://detail.tmall.com/item.htm?id=18144234148,2018-01-02 17:13:49,好
Tmall,雀巢母婴官方旗舰店,https://nestlemy.tmall.com/,【雀巢官方】雀巢妈妈孕产妇配方奶粉（孕期和哺乳期适用）900g*2-tmall.com天猫,MOM,18144234148,342350989493.0,c***1,,,,https://detail.tmall.com/item.htm?id=18144234148,2018-01-01 17:42:59,此用户没有填写评论!
Tmall,雀巢母婴官方旗舰店,https://nestlemy.tmall.com/,【雀巢官方】雀巢妈妈孕产妇配方奶粉（孕期和哺乳期适用）400g*3-tmall.com天猫,MOM,540059989502,339624807744.0,无***2,,,,https://detail.tmall.com/item.htm?id=540059989502,2018-01-31 22:25:24,后天购，个人比较喜欢雀巢奶粉的味道，有奶香味。希望活动多些
Tmall,雀巢母婴官方旗舰店,https://nestlemy.tmall.com/,【雀巢官方】雀巢妈妈孕产妇配方奶粉（孕期和哺乳期适用）400g*3-tmall.com天猫,MOM,540059989502,339199410610.0,天***9,,,,https://detail.tmall.com/item.htm?id=540059989502,2018-01-28 13:44:47,快递箱和奶粉包装都被很暴力的拆开过又拿胶布粘上了，不知道是店家还是快递公司所为，很担心是不是正品，第一次遇到这种情况，但还是不退了
Tmall,雀巢母婴官方旗舰店,https://nestlemy.tmall.com/,【雀巢官方】雀巢妈妈孕产妇配方奶粉（孕期和哺乳期适用）400g*3-tmall.com天猫,MOM,540059989502,339072420054.0,y***5,,,,https://detail.tmall.com/item.htm?id=540059989502,2018-01-26 18:08:06,好
Tmall,雀巢母婴官方旗舰店,https://nestlemy.tmall.com/,【雀巢官方】雀巢妈妈孕产妇配方奶粉（孕期和哺乳期适用）400g*3-tmall.com天猫,MOM,540059989502,338817311375.0,s***y,,,,https://detail.tmall.com/item.htm?id=540059989502,2018-01-23 17:31:20,第二次购买了，很好！
Tmall,雀巢母婴官方旗舰店,https://nestlemy.tmall.com/,【雀巢官方】雀巢妈妈孕产妇配方奶粉（孕期和哺乳期适用）400g*3-tmall.com天猫,MOM,540059989502,338753621979.0,h***r,,,,https://detail.tmall.com/item.htm?id=540059989502,2018-01-23 12:29:16,以前这个店里送过，很好，所以又过来买了，希望以后能更优惠点。
Tmall,雀巢母婴官方旗舰店,https://nestlemy.tmall.com/,【雀巢官方】雀巢妈妈孕产妇配方奶粉（孕期和哺乳期适用）400g*3-tmall.com天猫,MOM,540059989502,337864058262.0,z***5,,,,https://detail.tmall.com/item.htm?id=540059989502,2018-01-15 15:49:32,孕期一直喝这款，活动期间买，价格挺划算
Tmall,雀巢母婴官方旗舰店,https://nestlemy.tmall.com/,【雀巢官方】雀巢妈妈孕产妇配方奶粉（孕期和哺乳期适用）400g*3-tmall.com天猫,MOM,540059989502,336933723466.0,花***5,,,,https://detail.tmall.com/item.htm?id=540059989502,2018-01-07 20:34:28,因为宝宝体检查出缺钙，所以在宝宝补钙的同时我也吃高钙奶粉，既补钙也增加点母乳的营养，希望宝宝能长的壮壮的身体健康
Tmall,雀巢母婴官方旗舰店,https://nestlemy.tmall.com/,【雀巢官方】雀巢妈妈孕产妇配方奶粉（孕期和哺乳期适用）400g*3-tmall.com天猫,MOM,540059989502,336872639160.0,t***a,,,,https://detail.tmall.com/item.htm?id=540059989502,2018-01-07 11:00:30,很好，不错，跟商场买的一样
Tmall,雀巢母婴官方旗舰店,https://nestlemy.tmall.com/,【雀巢官方】雀巢妈妈孕产妇配方奶粉（孕期和哺乳期适用）400g*3-tmall.com天猫,MOM,540059989502,336726575405.0,稻***慧,,,,https://detail.tmall.com/item.htm?id=540059989502,2018-01-05 22:46:58,非常甜！特别甜。这奶粉是糖精兑的吧！这喝了不会得孕期糖尿病吗？冲泡的时候一股甜腻的味道！这谁敢喝？
Tmall,雀巢母婴官方旗舰店,https://nestlemy.tmall.com/,【雀巢官方】雀巢妈妈孕产妇配方奶粉（孕期和哺乳期适用）400g*3-tmall.com天猫,MOM,540059989502,336603557455.0,毁***倦,,,,https://detail.tmall.com/item.htm?id=540059989502,2018-01-04 14:55:21,口感还可以，为了哺乳让宝宝营养更全面老公给买的，谢谢老公的用心。
Tmall,雀巢母婴官方旗舰店,https://nestlemy.tmall.com/,【雀巢官方】雀巢妈妈孕产妇配方奶粉（孕期和哺乳期适用）400g*3-tmall.com天猫,MOM,540059989502,336485795637.0,y***y,,,,https://detail.tmall.com/item.htm?id=540059989502,2018-01-03 13:04:31,很好喝
Tmall,雀巢母婴官方旗舰店,https://nestlemy.tmall.com/,【雀巢官方】雀巢妈妈孕产妇配方奶粉（孕期和哺乳期适用）400g*3-tmall.com天猫,MOM,540059989502,336479237583.0,l***8,,,,https://detail.tmall.com/item.htm?id=540059989502,2018-01-03 12:53:53,挺好喝的 符合我的口味 甜度合适 喝完还会回购
Tmall,雀巢母婴官方旗舰店,https://nestlemy.tmall.com/,【雀巢官方】雀巢妈妈孕产妇配方奶粉（孕期和哺乳期适用）400g*3-tmall.com天猫,MOM,540059989502,336496434128.0,k***1,,,,https://detail.tmall.com/item.htm?id=540059989502,2018-01-03 02:58:19,老婆怀孕了，一直喝，
Tmall,雀巢母婴官方旗舰店,https://nestlemy.tmall.com/,【雀巢官方】雀巢妈妈孕产妇配方奶粉（孕期和哺乳期适用）400g*3-tmall.com天猫,MOM,540059989502,336469612377.0,w***其,,,,https://detail.tmall.com/item.htm?id=540059989502,2018-01-02 23:17:03,火气太重，嘴角涨泡?都坏了，咋办？
Tmall,雀巢母婴官方旗舰店,https://nestlemy.tmall.com/,【雀巢官方】 雀巢妈妈 孕产妇配方奶粉（孕期和哺乳期适用）400g-tmall.com天猫,MOM,547277581624,339320643034.0,尚***嘉,,,,https://detail.tmall.com/item.htm?id=547277581624,2018-01-29 12:42:47,还不错，只要是喝了改善便秘啊。
Tmall,雀巢母婴官方旗舰店,https://nestlemy.tmall.com/,【雀巢官方】 雀巢妈妈 孕产妇配方奶粉（孕期和哺乳期适用）400g-tmall.com天猫,MOM,547277581624,338891133016.0,西***笑,,,,https://detail.tmall.com/item.htm?id=547277581624,2018-01-24 21:48:38,蛮好的
Tmall,雀巢母婴官方旗舰店,https://nestlemy.tmall.com/,【雀巢官方】 雀巢妈妈 孕产妇配方奶粉（孕期和哺乳期适用）400g-tmall.com天猫,MOM,547277581624,338810028335.0,蓝***头,,,,https://detail.tmall.com/item.htm?id=547277581624,2018-01-23 21:11:12,甜
Tmall,雀巢母婴官方旗舰店,https://nestlemy.tmall.com/,【雀巢官方】 雀巢妈妈 孕产妇配方奶粉（孕期和哺乳期适用）400g-tmall.com天猫,MOM,547277581624,338774826351.0,紫***霜,,,,https://detail.tmall.com/item.htm?id=547277581624,2018-01-23 15:26:27,发货慢
Tmall,雀巢母婴官方旗舰店,https://nestlemy.tmall.com/,【雀巢官方】 雀巢妈妈 孕产妇配方奶粉（孕期和哺乳期适用）400g-tmall.com天猫,MOM,547277581624,338551271813.0,豆***3,,,,https://detail.tmall.com/item.htm?id=547277581624,2018-01-21 13:44:58,收到货了！
Tmall,雀巢母婴官方旗舰店,https://nestlemy.tmall.com/,【雀巢官方】 雀巢妈妈 孕产妇配方奶粉（孕期和哺乳期适用）400g-tmall.com天猫,MOM,547277581624,338036941547.0,t***5,,,,https://detail.tmall.com/item.htm?id=547277581624,2018-01-16 18:16:04,此用户没有填写评论!
Tmall,雀巢母婴官方旗舰店,https://nestlemy.tmall.com/,【雀巢官方】 雀巢妈妈 孕产妇配方奶粉（孕期和哺乳期适用）400g-tmall.com天猫,MOM,547277581624,337901165736.0,b***e,,,,https://detail.tmall.com/item.htm?id=547277581624,2018-01-15 21:24:09,还未打开，听说很好！
Tmall,雀巢母婴官方旗舰店,https://nestlemy.tmall.com/,【雀巢官方】 雀巢妈妈 孕产妇配方奶粉（孕期和哺乳期适用）400g-tmall.com天猫,MOM,547277581624,337581026332.0,九***筋,,,,https://detail.tmall.com/item.htm?id=547277581624,2018-01-13 16:49:18,发过速度简直了客服说48小时，结果愣是第四天才发
Tmall,雀巢母婴官方旗舰店,https://nestlemy.tmall.com/,【雀巢官方】 雀巢妈妈 孕产妇配方奶粉（孕期和哺乳期适用）400g-tmall.com天猫,MOM,547277581624,337056454668.0,燕***3,,,,https://detail.tmall.com/item.htm?id=547277581624,2018-01-08 21:25:41,拿到拆开是一大包，送了个塑料勺，已经开始喝了，味道比较淡，挺喜欢的
Tmall,雀巢母婴官方旗舰店,https://nestlemy.tmall.com/,【雀巢官方】 雀巢妈妈 孕产妇配方奶粉（孕期和哺乳期适用）400g-tmall.com天猫,MOM,547277581624,337061168557.0,记***1,,,,https://detail.tmall.com/item.htm?id=547277581624,2018-01-08 18:49:54,非常好，全五分。不错不错，以前在天猫淘宝上买东西都是系统自动好评，花了好多好多好多钱，后来才知道淘宝评论积分可以涨淘气值，才知道评论的重要性，所以以后无论买什么东西我都会先把这段话复制粘贴下来，然后再填写宝贝评论，没错，评论80个字以上就可以得到50个积分！字数凑够了，非常感谢大家的观看。
Tmall,雀巢母婴官方旗舰店,https://nestlemy.tmall.com/,【雀巢官方】 雀巢妈妈 孕产妇配方奶粉（孕期和哺乳期适用）400g-tmall.com天猫,MOM,547277581624,336479142076.0,s***y,,,,https://detail.tmall.com/item.htm?id=547277581624,2018-01-03 17:23:02,很好喝！
Tmall,雀巢母婴官方旗舰店,https://nestlemy.tmall.com/,【雀巢官方】雀巢妈妈 孕产妇配方奶粉（孕期和哺乳期适用） 900g-tmall.com天猫,MOM,39244054131,339574434060.0,人***蔻,,,,https://detail.tmall.com/item.htm?id=39244054131,2018-01-31 13:51:12,还没喝，包装不错，速度快，好评～
Tmall,雀巢母婴官方旗舰店,https://nestlemy.tmall.com/,【雀巢官方】雀巢妈妈 孕产妇配方奶粉（孕期和哺乳期适用） 900g-tmall.com天猫,MOM,39244054131,339204855636.0,z***t,,,,https://detail.tmall.com/item.htm?id=39244054131,2018-01-27 22:05:31,买完发现天猫超市要优惠很多 差了40多一罐
Tmall,雀巢母婴官方旗舰店,https://nestlemy.tmall.com/,【雀巢官方】雀巢妈妈 孕产妇配方奶粉（孕期和哺乳期适用） 900g-tmall.com天猫,MOM,39244054131,338925527721.0,我***l,,,,https://detail.tmall.com/item.htm?id=39244054131,2018-01-25 13:06:47,味道不错，我是不喜欢喝奶粉的，现在有了宝宝，没办法必须得喝了，味道还能接受，不错的
Tmall,雀巢母婴官方旗舰店,https://nestlemy.tmall.com/,【雀巢官方】雀巢妈妈 孕产妇配方奶粉（孕期和哺乳期适用） 900g-tmall.com天猫,MOM,39244054131,337997904889.0,程***4,,,,https://detail.tmall.com/item.htm?id=39244054131,2018-01-16 16:28:18,物流太慢了！我4号订单！到14号到货！我也是无语了?。我买的是孕妇奶粉！要是买婴儿奶粉。估计宝宝早的不行了！差评！！！
Tmall,雀巢母婴官方旗舰店,https://nestlemy.tmall.com/,【雀巢官方】雀巢妈妈 孕产妇配方奶粉（孕期和哺乳期适用） 900g-tmall.com天猫,MOM,39244054131,336319455834.0,妖***o,,,,https://detail.tmall.com/item.htm?id=39244054131,2018-01-02 11:38:04,喝个奶粉再吃水果，容易拉肚子，不知道是不是只有我这样。物流特别快，好评
Tmall,雀巢母婴官方旗舰店,https://nestlemy.tmall.com/,【雀巢官方】雀巢妈妈 孕产妇配方奶粉（孕期和哺乳期适用） 900g-tmall.com天猫,MOM,39244054131,336276835913.0,心***3,,,,https://detail.tmall.com/item.htm?id=39244054131,2018-01-01 11:50:25,不错挺好的
Tmall,天猫苏宁旗舰店,https://suning.tmall.com/,雀巢Nestle妈妈孕产妇营养配方奶粉成人奶粉900g-tmall.com天猫,MOM,523026121941,339432419803.0,鸿***品,,,,https://detail.tmall.com/item.htm?id=523026121941,2018-01-30 06:53:44,价格有点贵，不如京东商城便宜，同样的奶粉，京东商城还送了一盒200克的奶粉
Tmall,天猫苏宁旗舰店,https://suning.tmall.com/,雀巢Nestle妈妈孕产妇营养配方奶粉成人奶粉900g-tmall.com天猫,MOM,523026121941,339084056787.0,罗***7,,,,https://detail.tmall.com/item.htm?id=523026121941,2018-01-27 01:57:38,正品！很满意的一次网购！
Tmall,天猫苏宁旗舰店,https://suning.tmall.com/,雀巢Nestle妈妈孕产妇营养配方奶粉成人奶粉900g-tmall.com天猫,MOM,523026121941,338942238047.0,快***2,,,,https://detail.tmall.com/item.htm?id=523026121941,2018-01-25 12:51:30,喝了两天味道很好
Tmall,天猫苏宁旗舰店,https://suning.tmall.com/,雀巢Nestle妈妈孕产妇营养配方奶粉成人奶粉900g-tmall.com天猫,MOM,523026121941,338898783017.0,t***3,,,,https://detail.tmall.com/item.htm?id=523026121941,2018-01-25 10:36:50,不错，不错
Tmall,天猫苏宁旗舰店,https://suning.tmall.com/,雀巢Nestle妈妈孕产妇营养配方奶粉成人奶粉900g-tmall.com天猫,MOM,523026121941,338875140372.0,邓***3,,,,https://detail.tmall.com/item.htm?id=523026121941,2018-01-24 22:08:48,奶粉质量不错，价格适中，口感好。
Tmall,天猫苏宁旗舰店,https://suning.tmall.com/,雀巢Nestle妈妈孕产妇营养配方奶粉成人奶粉900g-tmall.com天猫,MOM,523026121941,338870269574.0,k***u,,,,https://detail.tmall.com/item.htm?id=523026121941,2018-01-24 14:15:16,物美价廉，表示不错哦，老婆正喝着。
Tmall,天猫苏宁旗舰店,https://suning.tmall.com/,雀巢Nestle妈妈孕产妇营养配方奶粉成人奶粉900g-tmall.com天猫,MOM,523026121941,338651230878.0,x***糖,,,,https://detail.tmall.com/item.htm?id=523026121941,2018-01-22 17:00:59,味道还不错呢
Tmall,天猫苏宁旗舰店,https://suning.tmall.com/,雀巢Nestle妈妈孕产妇营养配方奶粉成人奶粉900g-tmall.com天猫,MOM,523026121941,337801177079.0,张***3,,,,https://detail.tmall.com/item.htm?id=523026121941,2018-01-15 15:20:14,不管怎么样，实际产品与卖家图片不一致，在大润发买包装感觉更好一点，像图片上一样，实际产品就只有一层盖，给你这个评价，督促你们把卖的图片与实际产品变成一致的。
Tmall,天猫苏宁旗舰店,https://suning.tmall.com/,雀巢Nestle妈妈孕产妇营养配方奶粉成人奶粉900g-tmall.com天猫,MOM,523026121941,337815158430.0,寻***动,,,,https://detail.tmall.com/item.htm?id=523026121941,2018-01-15 08:45:58,当日达
Tmall,天猫苏宁旗舰店,https://suning.tmall.com/,雀巢Nestle妈妈孕产妇营养配方奶粉成人奶粉900g-tmall.com天猫,MOM,523026121941,337568256540.0,顾***权,,,,https://detail.tmall.com/item.htm?id=523026121941,2018-01-13 09:03:19,好评
Tmall,天猫苏宁旗舰店,https://suning.tmall.com/,雀巢Nestle妈妈孕产妇营养配方奶粉成人奶粉900g-tmall.com天猫,MOM,523026121941,337321080484.0,北***5,,,,https://detail.tmall.com/item.htm?id=523026121941,2018-01-11 18:07:01,好
Tmall,天猫苏宁旗舰店,https://suning.tmall.com/,雀巢Nestle妈妈孕产妇营养配方奶粉成人奶粉900g-tmall.com天猫,MOM,523026121941,337096426696.0,路***3,,,,https://detail.tmall.com/item.htm?id=523026121941,2018-01-09 21:09:19,口感和超市里的不一样，真是老话说的一分钱一分货，也怪自己贪便宜，买个教训
Tmall,天猫苏宁旗舰店,https://suning.tmall.com/,雀巢Nestle妈妈孕产妇营养配方奶粉成人奶粉900g-tmall.com天猫,MOM,523026121941,337079814658.0,蝈***0,,,,https://detail.tmall.com/item.htm?id=523026121941,2018-01-09 09:29:28,超级快
Tmall,天猫苏宁旗舰店,https://suning.tmall.com/,雀巢Nestle妈妈孕产妇营养配方奶粉成人奶粉900g-tmall.com天猫,MOM,523026121941,336809199101.0,x***1,,,,https://detail.tmall.com/item.htm?id=523026121941,2018-01-06 15:03:27,挺好的，有点甜，都不需要另外加糖
Tmall,天猫苏宁旗舰店,https://suning.tmall.com/,雀巢Nestle妈妈孕产妇营养配方奶粉成人奶粉900g-tmall.com天猫,MOM,523026121941,336880328927.0,张***0,,,,https://detail.tmall.com/item.htm?id=523026121941,2018-01-06 14:14:53,发货速度很快。。这是第三次购买了
Tmall,天猫苏宁旗舰店,https://suning.tmall.com/,雀巢Nestle妈妈孕产妇营养配方奶粉成人奶粉900g-tmall.com天猫,MOM,523026121941,336787532008.0,t***1,,,,https://detail.tmall.com/item.htm?id=523026121941,2018-01-06 11:07:18,还可以不太甜，但不太好冲
Tmall,天猫超市,https://chaoshi.tmall.com/,Nestle/雀巢妈妈孕产妇配方奶粉罐装  900g/罐-天猫超市-天猫Tmall.com-上天猫，就购了-理想生活上天猫,MOM,26217600545,339654929990.0,我***1,,,,https://chaoshi.detail.tmall.com/item.htm?id=26217600545,2018-01-31 23:22:45,一般！粉子粗
Tmall,天猫超市,https://chaoshi.tmall.com/,Nestle/雀巢妈妈孕产妇配方奶粉罐装  900g/罐-天猫超市-天猫Tmall.com-上天猫，就购了-理想生活上天猫,MOM,26217600545,339581003243.0,a***3,,,,https://chaoshi.detail.tmall.com/item.htm?id=26217600545,2018-01-31 22:13:50,很好，很实惠，很好吃，口感好
Tmall,天猫超市,https://chaoshi.tmall.com/,Nestle/雀巢妈妈孕产妇配方奶粉罐装  900g/罐-天猫超市-天猫Tmall.com-上天猫，就购了-理想生活上天猫,MOM,26217600545,339666121372.0,露***蝶,,,,https://chaoshi.detail.tmall.com/item.htm?id=26217600545,2018-01-31 19:21:35,第二次买了，奶味很浓，很好喝！
Tmall,天猫超市,https://chaoshi.tmall.com/,Nestle/雀巢妈妈孕产妇配方奶粉罐装  900g/罐-天猫超市-天猫Tmall.com-上天猫，就购了-理想生活上天猫,MOM,26217600545,339602887759.0,吴***你,,,,https://chaoshi.detail.tmall.com/item.htm?id=26217600545,2018-01-31 18:44:30,赶着天猫年货节买的，便宜了差不多二十块钱，看着很不错，不知道喝着怎么样，还有十几天就生了买来坐月子喝的，生了宝宝体质弱，希望喝着会不错。卫生巾是一分钱加购的，特别划算。也能用的上，信赖天猫超市
Tmall,天猫超市,https://chaoshi.tmall.com/,Nestle/雀巢妈妈孕产妇配方奶粉罐装  900g/罐-天猫超市-天猫Tmall.com-上天猫，就购了-理想生活上天猫,MOM,26217600545,339588024878.0,林***8,,,,https://chaoshi.detail.tmall.com/item.htm?id=26217600545,2018-01-31 17:20:08,买来送人的，包装很好，没有破损，还送了一小盒，没有配袋子，有礼品袋就更好了
Tmall,天猫超市,https://chaoshi.tmall.com/,Nestle/雀巢妈妈孕产妇配方奶粉罐装  900g/罐-天猫超市-天猫Tmall.com-上天猫，就购了-理想生活上天猫,MOM,26217600545,339534423468.0,杨***7,,,,https://chaoshi.detail.tmall.com/item.htm?id=26217600545,2018-01-31 14:32:25,比超市划算点
Tmall,天猫超市,https://chaoshi.tmall.com/,Nestle/雀巢妈妈孕产妇配方奶粉罐装  900g/罐-天猫超市-天猫Tmall.com-上天猫，就购了-理想生活上天猫,MOM,26217600545,339565205518.0,a***2,,,,https://chaoshi.detail.tmall.com/item.htm?id=26217600545,2018-01-31 14:27:56,奶粉挺不错的，，香浓正好，，放进水里就化开了不会结坨坨
Tmall,天猫超市,https://chaoshi.tmall.com/,Nestle/雀巢妈妈孕产妇配方奶粉罐装  900g/罐-天猫超市-天猫Tmall.com-上天猫，就购了-理想生活上天猫,MOM,26217600545,339582810867.0,g***9,,,,https://chaoshi.detail.tmall.com/item.htm?id=26217600545,2018-01-31 13:43:05,和店里的一样，拿到就迫不及待的拆开喝了，便宜好多呢
Tmall,天猫超市,https://chaoshi.tmall.com/,Nestle/雀巢妈妈孕产妇配方奶粉罐装  900g/罐-天猫超市-天猫Tmall.com-上天猫，就购了-理想生活上天猫,MOM,26217600545,339583021471.0,t***2,,,,https://chaoshi.detail.tmall.com/item.htm?id=26217600545,2018-01-31 13:31:42,挺好喝，没有什么不舒服
Tmall,天猫超市,https://chaoshi.tmall.com/,Nestle/雀巢妈妈孕产妇配方奶粉罐装  900g/罐-天猫超市-天猫Tmall.com-上天猫，就购了-理想生活上天猫,MOM,26217600545,339567569930.0,符***6,,,,https://chaoshi.detail.tmall.com/item.htm?id=26217600545,2018-01-31 10:22:35,比平时喝的奶粉感觉甜一些，勺子设计很好找
Tmall,天猫超市,https://chaoshi.tmall.com/,Nestle/雀巢妈妈孕产妇配方奶粉罐装  900g/罐-天猫超市-天猫Tmall.com-上天猫，就购了-理想生活上天猫,MOM,26217600545,339606101788.0,张***0,,,,https://chaoshi.detail.tmall.com/item.htm?id=26217600545,2018-01-31 09:54:04,一如既往的喜欢，一直在天猫超市买
Tmall,天猫超市,https://chaoshi.tmall.com/,Nestle/雀巢妈妈孕产妇配方奶粉罐装  900g/罐-天猫超市-天猫Tmall.com-上天猫，就购了-理想生活上天猫,MOM,26217600545,339532561271.0,饕***凝,,,,https://chaoshi.detail.tmall.com/item.htm?id=26217600545,2018-01-30 22:51:55,给宝妈买的，味道还可以，哈哈吃完再买一罐
Tmall,天猫超市,https://chaoshi.tmall.com/,Nestle/雀巢妈妈孕产妇配方奶粉罐装  900g/罐-天猫超市-天猫Tmall.com-上天猫，就购了-理想生活上天猫,MOM,26217600545,339524459058.0,蒲***2,,,,https://chaoshi.detail.tmall.com/item.htm?id=26217600545,2018-01-30 18:13:14,味道确实不太好，喝一两次就习惯了
Tmall,天猫超市,https://chaoshi.tmall.com/,Nestle/雀巢妈妈孕产妇配方奶粉罐装  900g/罐-天猫超市-天猫Tmall.com-上天猫，就购了-理想生活上天猫,MOM,26217600545,339509950229.0,赛***0,,,,https://chaoshi.detail.tmall.com/item.htm?id=26217600545,2018-01-30 16:14:33,我觉得口感还好 味道如何不是重点 主要是补充孕妇营养
Tmall,天猫超市,https://chaoshi.tmall.com/,Nestle/雀巢妈妈孕产妇配方奶粉罐装  900g/罐-天猫超市-天猫Tmall.com-上天猫，就购了-理想生活上天猫,MOM,26217600545,339524866597.0,宝***兜,,,,https://chaoshi.detail.tmall.com/item.htm?id=26217600545,2018-01-30 14:09:48,很好
Tmall,天猫超市,https://chaoshi.tmall.com/,Nestle/雀巢妈妈孕产妇配方奶粉罐装  900g/罐-天猫超市-天猫Tmall.com-上天猫，就购了-理想生活上天猫,MOM,26217600545,339446252100.0,r***t,,,,https://chaoshi.detail.tmall.com/item.htm?id=26217600545,2018-01-30 13:23:33,挺好喝的 不过只能泡21杯 很快应该就喝完了
Tmall,天猫超市,https://chaoshi.tmall.com/,Nestle/雀巢妈妈孕产妇配方奶粉罐装  900g/罐-天猫超市-天猫Tmall.com-上天猫，就购了-理想生活上天猫,MOM,26217600545,339481997599.0,l***2,,,,https://chaoshi.detail.tmall.com/item.htm?id=26217600545,2018-01-30 12:41:17,不错哦
Tmall,天猫超市,https://chaoshi.tmall.com/,Nestle/雀巢妈妈孕产妇配方奶粉罐装  900g/罐-天猫超市-天猫Tmall.com-上天猫，就购了-理想生活上天猫,MOM,26217600545,339404852203.0,q***5,,,,https://chaoshi.detail.tmall.com/item.htm?id=26217600545,2018-01-30 12:07:41,第三罐，已经两罐了，孕妇买东西比较小心，这个店已经推荐给朋友
Tmall,天猫超市,https://chaoshi.tmall.com/,Nestle/雀巢妈妈孕产妇配方奶粉罐装  900g/罐-天猫超市-天猫Tmall.com-上天猫，就购了-理想生活上天猫,MOM,26217600545,339393132212.0,x***9,,,,https://chaoshi.detail.tmall.com/item.htm?id=26217600545,2018-01-30 10:30:57,回购，口感不错。
Tmall,天猫超市,https://chaoshi.tmall.com/,Nestle/雀巢妈妈孕产妇配方奶粉罐装  900g/罐-天猫超市-天猫Tmall.com-上天猫，就购了-理想生活上天猫,MOM,26217600545,339416445963.0,z***8,,,,https://chaoshi.detail.tmall.com/item.htm?id=26217600545,2018-01-30 09:27:56,感觉有点甜，其它挺好
Tmall,天猫超市,https://chaoshi.tmall.com/,Nestle/雀巢妈妈孕产妇配方奶粉罐装  900g/罐-天猫超市-天猫Tmall.com-上天猫，就购了-理想生活上天猫,MOM,26217600545,339394238041.0,紫***1,,,,https://chaoshi.detail.tmall.com/item.htm?id=26217600545,2018-01-29 18:06:06,奶粉味道挺好，比之前喝的贝因美好喝。价格也实惠，现在哺乳期，医生说营养要跟上，也要继续补钙。物流很快，昨天买今天就到了。天那么冷，真是辛苦快递小哥了
Tmall,天猫超市,https://chaoshi.tmall.com/,Nestle/雀巢妈妈孕产妇配方奶粉罐装  900g/罐-天猫超市-天猫Tmall.com-上天猫，就购了-理想生活上天猫,MOM,26217600545,339349379638.0,我***里,,,,https://chaoshi.detail.tmall.com/item.htm?id=26217600545,2018-01-29 16:24:07,到货就马上喝起来，味道还不错，喜欢
Tmall,天猫超市,https://chaoshi.tmall.com/,Nestle/雀巢妈妈孕产妇配方奶粉罐装  900g/罐-天猫超市-天猫Tmall.com-上天猫，就购了-理想生活上天猫,MOM,26217600545,339345781056.0,武***你,,,,https://chaoshi.detail.tmall.com/item.htm?id=26217600545,2018-01-29 14:49:51,还行，喝的没什么不适的反应!
Tmall,天猫超市,https://chaoshi.tmall.com/,Nestle/雀巢妈妈孕产妇配方奶粉罐装  900g/罐-天猫超市-天猫Tmall.com-上天猫，就购了-理想生活上天猫,MOM,26217600545,339379388377.0,t***8,,,,https://chaoshi.detail.tmall.com/item.htm?id=26217600545,2018-01-29 12:58:29,很好喝
Tmall,天猫超市,https://chaoshi.tmall.com/,Nestle/雀巢妈妈孕产妇配方奶粉罐装  900g/罐-天猫超市-天猫Tmall.com-上天猫，就购了-理想生活上天猫,MOM,26217600545,339352199649.0,z***1,,,,https://chaoshi.detail.tmall.com/item.htm?id=26217600545,2018-01-29 12:30:06,奶粉很好喝
Tmall,天猫超市,https://chaoshi.tmall.com/,Nestle/雀巢妈妈孕产妇配方奶粉罐装  900g/罐-天猫超市-天猫Tmall.com-上天猫，就购了-理想生活上天猫,MOM,26217600545,339292624474.0,麦***我,,,,https://chaoshi.detail.tmall.com/item.htm?id=26217600545,2018-01-29 08:10:55,好
Tmall,天猫超市,https://chaoshi.tmall.com/,Nestle/雀巢妈妈孕产妇配方奶粉罐装  900g/罐-天猫超市-天猫Tmall.com-上天猫，就购了-理想生活上天猫,MOM,26217600545,339331526713.0,张***a,,,,https://chaoshi.detail.tmall.com/item.htm?id=26217600545,2018-01-28 20:54:23,质量好，口感好，多次购买了。
Tmall,天猫超市,https://chaoshi.tmall.com/,Nestle/雀巢妈妈孕产妇配方奶粉罐装  900g/罐-天猫超市-天猫Tmall.com-上天猫，就购了-理想生活上天猫,MOM,26217600545,339348764181.0,o***0,,,,https://chaoshi.detail.tmall.com/item.htm?id=26217600545,2018-01-28 20:07:51,速度快，奶粉挺好喝。
Tmall,天猫超市,https://chaoshi.tmall.com/,Nestle/雀巢妈妈孕产妇配方奶粉罐装  900g/罐-天猫超市-天猫Tmall.com-上天猫，就购了-理想生活上天猫,MOM,26217600545,339278638135.0,思***7,,,,https://chaoshi.detail.tmall.com/item.htm?id=26217600545,2018-01-28 19:31:41,不出门就可以送货到家！
Tmall,天猫超市,https://chaoshi.tmall.com/,Nestle/雀巢妈妈孕产妇配方奶粉罐装  900g/罐-天猫超市-天猫Tmall.com-上天猫，就购了-理想生活上天猫,MOM,26217600545,339298812845.0,c***k,,,,https://chaoshi.detail.tmall.com/item.htm?id=26217600545,2018-01-28 18:59:28,这个味道，真的是喝不习惯啊。。。
Tmall,天猫超市,https://chaoshi.tmall.com/,Nestle/雀巢妈妈孕产妇配方奶粉罐装  900g/罐-天猫超市-天猫Tmall.com-上天猫，就购了-理想生活上天猫,MOM,26217600545,339330934108.0,想***蛙,,,,https://chaoshi.detail.tmall.com/item.htm?id=26217600545,2018-01-28 18:35:22,好
Tmall,天猫超市,https://chaoshi.tmall.com/,Nestle/雀巢妈妈孕产妇配方奶粉罐装  900g/罐-天猫超市-天猫Tmall.com-上天猫，就购了-理想生活上天猫,MOM,26217600545,339296028881.0,皇***0,,,,https://chaoshi.detail.tmall.com/item.htm?id=26217600545,2018-01-28 18:30:26,日期很好
Tmall,天猫超市,https://chaoshi.tmall.com/,Nestle/雀巢妈妈孕产妇配方奶粉罐装  900g/罐-天猫超市-天猫Tmall.com-上天猫，就购了-理想生活上天猫,MOM,26217600545,339264979105.0,蔓***丶,,,,https://chaoshi.detail.tmall.com/item.htm?id=26217600545,2018-01-28 15:14:22,味道还可以
Tmall,天猫超市,https://chaoshi.tmall.com/,Nestle/雀巢妈妈孕产妇配方奶粉罐装  900g/罐-天猫超市-天猫Tmall.com-上天猫，就购了-理想生活上天猫,MOM,26217600545,339161784060.0,紫***c,,,,https://chaoshi.detail.tmall.com/item.htm?id=26217600545,2018-01-28 08:04:06,此用户没有填写评论!
Tmall,天猫超市,https://chaoshi.tmall.com/,Nestle/雀巢妈妈孕产妇配方奶粉罐装  900g/罐-天猫超市-天猫Tmall.com-上天猫，就购了-理想生活上天猫,MOM,26217600545,339147758105.0,v***g,,,,https://chaoshi.detail.tmall.com/item.htm?id=26217600545,2018-01-27 15:41:28,口味跟超市的一样。
Tmall,天猫超市,https://chaoshi.tmall.com/,Nestle/雀巢妈妈孕产妇配方奶粉罐装  900g/罐-天猫超市-天猫Tmall.com-上天猫，就购了-理想生活上天猫,MOM,26217600545,339128468321.0,y***e,,,,https://chaoshi.detail.tmall.com/item.htm?id=26217600545,2018-01-27 14:06:44,还没喝，但是送的两百克有点甜！就是这个快递太乌龙了
Tmall,天猫超市,https://chaoshi.tmall.com/,Nestle/雀巢妈妈孕产妇配方奶粉罐装  900g/罐-天猫超市-天猫Tmall.com-上天猫，就购了-理想生活上天猫,MOM,26217600545,339105869375.0,暖***n,,,,https://chaoshi.detail.tmall.com/item.htm?id=26217600545,2018-01-26 20:38:00,一直喝的比较好
Tmall,天猫超市,https://chaoshi.tmall.com/,Nestle/雀巢妈妈孕产妇配方奶粉罐装  900g/罐-天猫超市-天猫Tmall.com-上天猫，就购了-理想生活上天猫,MOM,26217600545,339063021477.0,蜜***3,,,,https://chaoshi.detail.tmall.com/item.htm?id=26217600545,2018-01-26 15:50:59,天猫超市果真不一样，发货速度超快，包装一级棒！物流杠杠的。卖家服务态度很好，发货快，这款牛奶我一直都喜欢，还会光顾的！
Tmall,天猫超市,https://chaoshi.tmall.com/,Nestle/雀巢妈妈孕产妇配方奶粉罐装  900g/罐-天猫超市-天猫Tmall.com-上天猫，就购了-理想生活上天猫,MOM,26217600545,339021965972.0,兰***1,,,,https://chaoshi.detail.tmall.com/item.htm?id=26217600545,2018-01-26 13:39:46,此用户没有填写评论!
Tmall,天猫超市,https://chaoshi.tmall.com/,Nestle/雀巢妈妈孕产妇配方奶粉罐装  900g/罐-天猫超市-天猫Tmall.com-上天猫，就购了-理想生活上天猫,MOM,26217600545,339039217250.0,t***3,,,,https://chaoshi.detail.tmall.com/item.htm?id=26217600545,2018-01-26 12:24:17,奶粉喝三天了，昨天拉肚子拉了两次，之前在其他地方买的就是这个也是正品的，刚喝也有点，是因为中间停的原因吗？
Tmall,天猫超市,https://chaoshi.tmall.com/,Nestle/雀巢妈妈孕产妇配方奶粉罐装  900g/罐-天猫超市-天猫Tmall.com-上天猫，就购了-理想生活上天猫,MOM,26217600545,339070677707.0,c***6,,,,https://chaoshi.detail.tmall.com/item.htm?id=26217600545,2018-01-26 09:33:01,不错
Tmall,天猫超市,https://chaoshi.tmall.com/,Nestle/雀巢妈妈孕产妇配方奶粉罐装  900g/罐-天猫超市-天猫Tmall.com-上天猫，就购了-理想生活上天猫,MOM,26217600545,338959898085.0,d***7,,,,https://chaoshi.detail.tmall.com/item.htm?id=26217600545,2018-01-25 20:16:20,挺好，性价比挺高，挺好的，挺好的
Tmall,天猫超市,https://chaoshi.tmall.com/,Nestle/雀巢妈妈孕产妇配方奶粉罐装  900g/罐-天猫超市-天猫Tmall.com-上天猫，就购了-理想生活上天猫,MOM,26217600545,338999008005.0,蓝***腾,,,,https://chaoshi.detail.tmall.com/item.htm?id=26217600545,2018-01-25 20:09:27,此用户没有填写评论!
Tmall,天猫超市,https://chaoshi.tmall.com/,Nestle/雀巢妈妈孕产妇配方奶粉罐装  900g/罐-天猫超市-天猫Tmall.com-上天猫，就购了-理想生活上天猫,MOM,26217600545,338983271319.0,丁***田,,,,https://chaoshi.detail.tmall.com/item.htm?id=26217600545,2018-01-25 20:04:06,第二次购买了，还没喝，希望一如既往的好～
Tmall,天猫超市,https://chaoshi.tmall.com/,Nestle/雀巢妈妈孕产妇配方奶粉罐装  900g/罐-天猫超市-天猫Tmall.com-上天猫，就购了-理想生活上天猫,MOM,26217600545,338978500487.0,巧***3,,,,https://chaoshi.detail.tmall.com/item.htm?id=26217600545,2018-01-25 18:00:55,没喝过，第一次喝，老公精挑细选的这款奶粉，希望肚子里的宝宝喝了健健康康漂漂亮亮的！第一次喝确实不适应，大晚上跑厕所拉肚子！希望能慢慢适应！
Tmall,天猫超市,https://chaoshi.tmall.com/,Nestle/雀巢妈妈孕产妇配方奶粉罐装  900g/罐-天猫超市-天猫Tmall.com-上天猫，就购了-理想生活上天猫,MOM,26217600545,338950294307.0,月***0,,,,https://chaoshi.detail.tmall.com/item.htm?id=26217600545,2018-01-25 14:16:39,奶粉味道可以，甜甜的，不腥
Tmall,天猫超市,https://chaoshi.tmall.com/,Nestle/雀巢妈妈孕产妇配方奶粉罐装  900g/罐-天猫超市-天猫Tmall.com-上天猫，就购了-理想生活上天猫,MOM,26217600545,338960522186.0,我***2,,,,https://chaoshi.detail.tmall.com/item.htm?id=26217600545,2018-01-25 13:04:16,不太甜 吃了还好 能接受
Tmall,天猫超市,https://chaoshi.tmall.com/,Nestle/雀巢妈妈孕产妇配方奶粉罐装  900g/罐-天猫超市-天猫Tmall.com-上天猫，就购了-理想生活上天猫,MOM,26217600545,338865086497.0,l***5,,,,https://chaoshi.detail.tmall.com/item.htm?id=26217600545,2018-01-25 09:46:11,味道可以，清清甜甜的，喝了两罐了
Tmall,天猫超市,https://chaoshi.tmall.com/,Nestle/雀巢妈妈孕产妇配方奶粉罐装  900g/罐-天猫超市-天猫Tmall.com-上天猫，就购了-理想生活上天猫,MOM,26217600545,338869461062.0,超***妞,,,,https://chaoshi.detail.tmall.com/item.htm?id=26217600545,2018-01-24 21:24:52,好评，速度快！
Tmall,天猫超市,https://chaoshi.tmall.com/,Nestle/雀巢妈妈孕产妇配方奶粉罐装  900g/罐-天猫超市-天猫Tmall.com-上天猫，就购了-理想生活上天猫,MOM,26217600545,338844522774.0,游***g,,,,https://chaoshi.detail.tmall.com/item.htm?id=26217600545,2018-01-24 16:55:39,昨天买的，今天就到了，刚喝了一杯，味道还行吧，主要啥也吃不下，怕宝宝缺营养
Tmall,天猫超市,https://chaoshi.tmall.com/,Nestle/雀巢妈妈孕产妇配方奶粉罐装  900g/罐-天猫超市-天猫Tmall.com-上天猫，就购了-理想生活上天猫,MOM,26217600545,338875368317.0,超***2,,,,https://chaoshi.detail.tmall.com/item.htm?id=26217600545,2018-01-24 16:40:43,此用户没有填写评论!
Tmall,天猫超市,https://chaoshi.tmall.com/,Nestle/雀巢妈妈孕产妇配方奶粉罐装  900g/罐-天猫超市-天猫Tmall.com-上天猫，就购了-理想生活上天猫,MOM,26217600545,338840804474.0,张***0,,,,https://chaoshi.detail.tmall.com/item.htm?id=26217600545,2018-01-24 12:51:42,速度很快。。
Tmall,天猫超市,https://chaoshi.tmall.com/,Nestle/雀巢妈妈孕产妇配方奶粉罐装  900g/罐-天猫超市-天猫Tmall.com-上天猫，就购了-理想生活上天猫,MOM,26217600545,338846553728.0,喵***9,,,,https://chaoshi.detail.tmall.com/item.htm?id=26217600545,2018-01-24 12:44:48,好
Tmall,天猫超市,https://chaoshi.tmall.com/,Nestle/雀巢妈妈孕产妇配方奶粉罐装  900g/罐-天猫超市-天猫Tmall.com-上天猫，就购了-理想生活上天猫,MOM,26217600545,338835911058.0,下***好,,,,https://chaoshi.detail.tmall.com/item.htm?id=26217600545,2018-01-24 12:12:24,还不错，味道挺好，不会上火
Tmall,天猫超市,https://chaoshi.tmall.com/,Nestle/雀巢妈妈孕产妇配方奶粉罐装  900g/罐-天猫超市-天猫Tmall.com-上天猫，就购了-理想生活上天猫,MOM,26217600545,338776673638.0,淘***2,,,,https://chaoshi.detail.tmall.com/item.htm?id=26217600545,2018-01-24 11:45:52,已经买第四罐了 还是不错的
Tmall,天猫超市,https://chaoshi.tmall.com/,Nestle/雀巢妈妈孕产妇配方奶粉罐装  900g/罐-天猫超市-天猫Tmall.com-上天猫，就购了-理想生活上天猫,MOM,26217600545,338818179483.0,如***开,,,,https://chaoshi.detail.tmall.com/item.htm?id=26217600545,2018-01-24 10:25:51,囤货的，还没喝，等喝了再来追加评价，天猫超市下单就是快。
Tmall,天猫超市,https://chaoshi.tmall.com/,Nestle/雀巢妈妈孕产妇配方奶粉罐装  900g/罐-天猫超市-天猫Tmall.com-上天猫，就购了-理想生活上天猫,MOM,26217600545,338829547327.0,凤***娜,,,,https://chaoshi.detail.tmall.com/item.htm?id=26217600545,2018-01-24 10:11:04,信任老牌子，喝喝看看
Tmall,天猫超市,https://chaoshi.tmall.com/,Nestle/雀巢妈妈孕产妇配方奶粉罐装  900g/罐-天猫超市-天猫Tmall.com-上天猫，就购了-理想生活上天猫,MOM,26217600545,338774814113.0,a***1,,,,https://chaoshi.detail.tmall.com/item.htm?id=26217600545,2018-01-23 21:52:08,挺好的 比超市里便宜
Tmall,天猫超市,https://chaoshi.tmall.com/,Nestle/雀巢妈妈孕产妇配方奶粉罐装  900g/罐-天猫超市-天猫Tmall.com-上天猫，就购了-理想生活上天猫,MOM,26217600545,338701249644.0,w***2,,,,https://chaoshi.detail.tmall.com/item.htm?id=26217600545,2018-01-23 15:42:15,非常好
Tmall,天猫超市,https://chaoshi.tmall.com/,Nestle/雀巢妈妈孕产妇配方奶粉罐装  900g/罐-天猫超市-天猫Tmall.com-上天猫，就购了-理想生活上天猫,MOM,26217600545,338696565679.0,s***9,,,,https://chaoshi.detail.tmall.com/item.htm?id=26217600545,2018-01-23 10:37:09,稍微有一丢丢奶腥味吧，昨天气通了好多，放了很多屁屁，一直涨肚肚的，布吉岛是不是喝奶粉有关，今天继续喝
Tmall,天猫超市,https://chaoshi.tmall.com/,Nestle/雀巢妈妈孕产妇配方奶粉罐装  900g/罐-天猫超市-天猫Tmall.com-上天猫，就购了-理想生活上天猫,MOM,26217600545,338695563420.0,小***3,,,,https://chaoshi.detail.tmall.com/item.htm?id=26217600545,2018-01-23 10:25:18,还不错，
Tmall,天猫超市,https://chaoshi.tmall.com/,Nestle/雀巢妈妈孕产妇配方奶粉罐装  900g/罐-天猫超市-天猫Tmall.com-上天猫，就购了-理想生活上天猫,MOM,26217600545,338649551462.0,2***3,,,,https://chaoshi.detail.tmall.com/item.htm?id=26217600545,2018-01-23 02:46:53,一直都支持天猫超市，方便优惠，一天到家。
Tmall,天猫超市,https://chaoshi.tmall.com/,Nestle/雀巢妈妈孕产妇配方奶粉罐装  900g/罐-天猫超市-天猫Tmall.com-上天猫，就购了-理想生活上天猫,MOM,26217600545,338688737506.0,t***2,,,,https://chaoshi.detail.tmall.com/item.htm?id=26217600545,2018-01-22 20:34:01,包装的很仔细，奶粉罐子的开口和勺子设计都很不错，今天喝了一次，有点咸，口味可以接受。
Tmall,天猫超市,https://chaoshi.tmall.com/,Nestle/雀巢妈妈孕产妇配方奶粉罐装  900g/罐-天猫超市-天猫Tmall.com-上天猫，就购了-理想生活上天猫,MOM,26217600545,338642073424.0,c***6,,,,https://chaoshi.detail.tmall.com/item.htm?id=26217600545,2018-01-22 19:31:46,包装完好，发货快，一直在天猫超市购物
Tmall,天猫超市,https://chaoshi.tmall.com/,Nestle/雀巢妈妈孕产妇配方奶粉罐装  900g/罐-天猫超市-天猫Tmall.com-上天猫，就购了-理想生活上天猫,MOM,26217600545,338620534023.0,t***3,,,,https://chaoshi.detail.tmall.com/item.htm?id=26217600545,2018-01-22 18:38:54,味道挺好的，喜欢这个口感，价格也比实体店的实惠。希望对宝宝好
Tmall,天猫超市,https://chaoshi.tmall.com/,Nestle/雀巢妈妈孕产妇配方奶粉罐装  900g/罐-天猫超市-天猫Tmall.com-上天猫，就购了-理想生活上天猫,MOM,26217600545,338649723585.0,幸***0,,,,https://chaoshi.detail.tmall.com/item.htm?id=26217600545,2018-01-22 14:06:26,蛮好的
Tmall,天猫超市,https://chaoshi.tmall.com/,Nestle/雀巢妈妈孕产妇配方奶粉罐装  900g/罐-天猫超市-天猫Tmall.com-上天猫，就购了-理想生活上天猫,MOM,26217600545,338529526079.0,我***d,,,,https://chaoshi.detail.tmall.com/item.htm?id=26217600545,2018-01-21 21:17:47,还没有喝、看着不错
Tmall,天猫超市,https://chaoshi.tmall.com/,Nestle/雀巢妈妈孕产妇配方奶粉罐装  900g/罐-天猫超市-天猫Tmall.com-上天猫，就购了-理想生活上天猫,MOM,26217600545,338603054906.0,c***7,,,,https://chaoshi.detail.tmall.com/item.htm?id=26217600545,2018-01-21 20:06:20,味道不错啊，以后会经常来买
Tmall,天猫超市,https://chaoshi.tmall.com/,Nestle/雀巢妈妈孕产妇配方奶粉罐装  900g/罐-天猫超市-天猫Tmall.com-上天猫，就购了-理想生活上天猫,MOM,26217600545,338562356110.0,开***发,,,,https://chaoshi.detail.tmall.com/item.htm?id=26217600545,2018-01-21 18:34:29,老婆怀孕买来给她吃的
Tmall,天猫超市,https://chaoshi.tmall.com/,Nestle/雀巢妈妈孕产妇配方奶粉罐装  900g/罐-天猫超市-天猫Tmall.com-上天猫，就购了-理想生活上天猫,MOM,26217600545,338577094401.0,j***7,,,,https://chaoshi.detail.tmall.com/item.htm?id=26217600545,2018-01-21 18:25:02,天猫超市就是快，第一罐喝了十天完了，现在第二关刚刚好赶上活动送了一盒200克的喝完完再来，天猫超市就是快，第一罐喝了十天完了，现在第二关刚刚好赶上活动送了一盒200克的喝完完再来，猫天猫超市就是快，第一罐喝了十天完了，现在第二关刚刚好赶上活动送了一盒200克的喝完完再来市天猫超市就是快，第一罐喝了十天完了，现在第二关刚刚好赶上活动送了一盒200克的喝完完再来是快，第一罐喝了十天完了，现在第二关刚刚好赶上活动送了一盒200克的喝完完再来天猫超市就是快，第一罐喝了十天完了，现在第二关刚刚好赶上活动送了一盒200克的喝完完再来天猫超市就是快，第一罐喝了十天完了，天猫超市就是快，第一罐喝了十天完了，现在第二关刚刚好赶上活动送了天猫超市就是快，第一罐喝了十天完了，现在第二关刚刚好赶上活动送了一盒200克的喝完完再来200克的天猫超市就是快，第一罐喝了十天完了，现在第二关刚刚好赶上活动送了一盒200克的喝完完再来完再来第二关刚刚好赶上活动送了一盒200克的喝完完再来
Tmall,天猫超市,https://chaoshi.tmall.com/,Nestle/雀巢妈妈孕产妇配方奶粉罐装  900g/罐-天猫超市-天猫Tmall.com-上天猫，就购了-理想生活上天猫,MOM,26217600545,338523039065.0,王***2,,,,https://chaoshi.detail.tmall.com/item.htm?id=26217600545,2018-01-21 16:28:16,怎么喝了就会拉肚子呢！
Tmall,天猫超市,https://chaoshi.tmall.com/,Nestle/雀巢妈妈孕产妇配方奶粉罐装  900g/罐-天猫超市-天猫Tmall.com-上天猫，就购了-理想生活上天猫,MOM,26217600545,338540656169.0,t***猫,,,,https://chaoshi.detail.tmall.com/item.htm?id=26217600545,2018-01-21 13:29:22,天猫超市就是实惠。
Tmall,天猫超市,https://chaoshi.tmall.com/,Nestle/雀巢妈妈孕产妇配方奶粉罐装  900g/罐-天猫超市-天猫Tmall.com-上天猫，就购了-理想生活上天猫,MOM,26217600545,338522381486.0,a***a,,,,https://chaoshi.detail.tmall.com/item.htm?id=26217600545,2018-01-21 12:09:06,好评！
Tmall,天猫超市,https://chaoshi.tmall.com/,Nestle/雀巢妈妈孕产妇配方奶粉罐装  900g/罐-天猫超市-天猫Tmall.com-上天猫，就购了-理想生活上天猫,MOM,26217600545,338478619920.0,l***8,,,,https://chaoshi.detail.tmall.com/item.htm?id=26217600545,2018-01-21 09:29:07,孕妇奶粉口感很好！以后还来！
Tmall,天猫超市,https://chaoshi.tmall.com/,Nestle/雀巢妈妈孕产妇配方奶粉罐装  900g/罐-天猫超市-天猫Tmall.com-上天猫，就购了-理想生活上天猫,MOM,26217600545,338507822321.0,一***份,,,,https://chaoshi.detail.tmall.com/item.htm?id=26217600545,2018-01-21 08:58:47,没喝呢，不知道怎么样，物流太差，送了一星期没送到货，联系了天猫超市才收到
Tmall,天猫超市,https://chaoshi.tmall.com/,Nestle/雀巢妈妈孕产妇配方奶粉罐装  900g/罐-天猫超市-天猫Tmall.com-上天猫，就购了-理想生活上天猫,MOM,26217600545,338487688451.0,j***u,,,,https://chaoshi.detail.tmall.com/item.htm?id=26217600545,2018-01-21 07:52:12,奶味浓。老是肚子饿，喝了挺顶饱，稍微甜了一些
Tmall,天猫超市,https://chaoshi.tmall.com/,Nestle/雀巢妈妈孕产妇配方奶粉罐装  900g/罐-天猫超市-天猫Tmall.com-上天猫，就购了-理想生活上天猫,MOM,26217600545,338452031855.0,花***儿,,,,https://chaoshi.detail.tmall.com/item.htm?id=26217600545,2018-01-20 23:20:54,给我妈喝的。哈哈哈。孩子他姥姥肠胃不好爱胀气。喝这个那个小屁连绵不绝的和拉二胡一样。弄的老太太都不好意思做公交车了。呵呵。不过肚子舒服啊！看来有益菌真的是有效果
Tmall,天猫超市,https://chaoshi.tmall.com/,Nestle/雀巢妈妈孕产妇配方奶粉罐装  900g/罐-天猫超市-天猫Tmall.com-上天猫，就购了-理想生活上天猫,MOM,26217600545,338415231150.0,蓝***宓,,,,https://chaoshi.detail.tmall.com/item.htm?id=26217600545,2018-01-20 15:16:59,比实体超市便宜30左右
Tmall,天猫超市,https://chaoshi.tmall.com/,Nestle/雀巢妈妈孕产妇配方奶粉罐装  900g/罐-天猫超市-天猫Tmall.com-上天猫，就购了-理想生活上天猫,MOM,26217600545,338366008098.0,无***y,,,,https://chaoshi.detail.tmall.com/item.htm?id=26217600545,2018-01-20 12:06:10,喝了几次了，味道蛮好的。很满意的一次购物。
Tmall,天猫超市,https://chaoshi.tmall.com/,Nestle/雀巢妈妈孕产妇配方奶粉罐装  900g/罐-天猫超市-天猫Tmall.com-上天猫，就购了-理想生活上天猫,MOM,26217600545,338428094290.0,灿***o,,,,https://chaoshi.detail.tmall.com/item.htm?id=26217600545,2018-01-20 10:24:20,之前买的盒装的，味道不错，这个一样的牌子换成桶装的后感觉味道有点不一样了
Tmall,天猫超市,https://chaoshi.tmall.com/,Nestle/雀巢妈妈孕产妇配方奶粉罐装  900g/罐-天猫超市-天猫Tmall.com-上天猫，就购了-理想生活上天猫,MOM,26217600545,338381231142.0,y***m,,,,https://chaoshi.detail.tmall.com/item.htm?id=26217600545,2018-01-20 10:12:11,感觉太甜了，还甜的有点反酸的感觉，不知道是不是就我喝着这样，突然换了奶粉有点喝不习惯，用温水泡的，杯底有结块
Tmall,天猫超市,https://chaoshi.tmall.com/,Nestle/雀巢妈妈孕产妇配方奶粉罐装  900g/罐-天猫超市-天猫Tmall.com-上天猫，就购了-理想生活上天猫,MOM,26217600545,338349674579.0,温***子,,,,https://chaoshi.detail.tmall.com/item.htm?id=26217600545,2018-01-19 17:20:41,快递挺快的。 以前一直在超市买，现在因为月份大了不方便。所以在天猫买了，包装和超市的一样，但是价钱比超市便宜。还没喝。
Tmall,天猫超市,https://chaoshi.tmall.com/,Nestle/雀巢妈妈孕产妇配方奶粉罐装  900g/罐-天猫超市-天猫Tmall.com-上天猫，就购了-理想生活上天猫,MOM,26217600545,338352807240.0,石***爵,,,,https://chaoshi.detail.tmall.com/item.htm?id=26217600545,2018-01-19 17:12:41,第三次购买，一直信任雀巢！
Tmall,天猫超市,https://chaoshi.tmall.com/,Nestle/雀巢妈妈孕产妇配方奶粉罐装  900g/罐-天猫超市-天猫Tmall.com-上天猫，就购了-理想生活上天猫,MOM,26217600545,338358504366.0,史***虾,,,,https://chaoshi.detail.tmall.com/item.htm?id=26217600545,2018-01-19 16:46:31,给好朋友买的，他说有点腥，应该还好
Tmall,天猫超市,https://chaoshi.tmall.com/,Nestle/雀巢妈妈孕产妇配方奶粉罐装  900g/罐-天猫超市-天猫Tmall.com-上天猫，就购了-理想生活上天猫,MOM,26217600545,338364018753.0,伊***0,,,,https://chaoshi.detail.tmall.com/item.htm?id=26217600545,2018-01-19 16:01:33,不错，一直喝的这个牌子
Tmall,天猫超市,https://chaoshi.tmall.com/,Nestle/雀巢妈妈孕产妇配方奶粉罐装  900g/罐-天猫超市-天猫Tmall.com-上天猫，就购了-理想生活上天猫,MOM,26217600545,338372621120.0,t***5,,,,https://chaoshi.detail.tmall.com/item.htm?id=26217600545,2018-01-19 15:18:21,味道不错?????
Tmall,天猫超市,https://chaoshi.tmall.com/,Nestle/雀巢妈妈孕产妇配方奶粉罐装  900g/罐-天猫超市-天猫Tmall.com-上天猫，就购了-理想生活上天猫,MOM,26217600545,338331703091.0,t***4,,,,https://chaoshi.detail.tmall.com/item.htm?id=26217600545,2018-01-19 14:07:04,挺好的
Tmall,天猫超市,https://chaoshi.tmall.com/,Nestle/雀巢妈妈孕产妇配方奶粉罐装  900g/罐-天猫超市-天猫Tmall.com-上天猫，就购了-理想生活上天猫,MOM,26217600545,338312356521.0,胃***卖,,,,https://chaoshi.detail.tmall.com/item.htm?id=26217600545,2018-01-19 13:57:06,外包装漂亮，还没吃，先好评
Tmall,天猫超市,https://chaoshi.tmall.com/,Nestle/雀巢妈妈孕产妇配方奶粉罐装  900g/罐-天猫超市-天猫Tmall.com-上天猫，就购了-理想生活上天猫,MOM,26217600545,338298896476.0,t***0,,,,https://chaoshi.detail.tmall.com/item.htm?id=26217600545,2018-01-19 13:51:58,这是买的第二罐了，老喜欢在天猫买东西，就是懒得出门，个农村淘宝真是造福万民啊，快递直接送货到门口，太爱死了！这次翻牌换了一个牙刷，早知道以前都这样关注多一点了，以前都是买了想要的东西就不看别的了，错过好多优惠啊?
Tmall,天猫超市,https://chaoshi.tmall.com/,Nestle/雀巢妈妈孕产妇配方奶粉罐装  900g/罐-天猫超市-天猫Tmall.com-上天猫，就购了-理想生活上天猫,MOM,26217600545,338325007556.0,w***9,,,,https://chaoshi.detail.tmall.com/item.htm?id=26217600545,2018-01-19 10:26:01,非常好
Tmall,天猫超市,https://chaoshi.tmall.com/,Nestle/雀巢妈妈孕产妇配方奶粉罐装  900g/罐-天猫超市-天猫Tmall.com-上天猫，就购了-理想生活上天猫,MOM,26217600545,338303082106.0,一***9,,,,https://chaoshi.detail.tmall.com/item.htm?id=26217600545,2018-01-19 00:49:32,口感不错，有点甜味，好评！
Tmall,天猫超市,https://chaoshi.tmall.com/,Nestle/雀巢妈妈孕产妇配方奶粉罐装  900g/罐-天猫超市-天猫Tmall.com-上天猫，就购了-理想生活上天猫,MOM,26217600545,338294348818.0,w***3,,,,https://chaoshi.detail.tmall.com/item.htm?id=26217600545,2018-01-18 22:43:59,还可以，速度也快
Tmall,天猫超市,https://chaoshi.tmall.com/,Nestle/雀巢妈妈孕产妇配方奶粉罐装  900g/罐-天猫超市-天猫Tmall.com-上天猫，就购了-理想生活上天猫,MOM,26217600545,338298361965.0,叶***猪,,,,https://chaoshi.detail.tmall.com/item.htm?id=26217600545,2018-01-18 19:43:02,很好，跟超市买的一样，希望只长胎不长肉咯
Tmall,天猫超市,https://chaoshi.tmall.com/,Nestle/雀巢妈妈孕产妇配方奶粉罐装  900g/罐-天猫超市-天猫Tmall.com-上天猫，就购了-理想生活上天猫,MOM,26217600545,338261994267.0,z***5,,,,https://chaoshi.detail.tmall.com/item.htm?id=26217600545,2018-01-18 19:15:12,送同事的
Tmall,天猫超市,https://chaoshi.tmall.com/,Nestle/雀巢妈妈孕产妇配方奶粉罐装  900g/罐-天猫超市-天猫Tmall.com-上天猫，就购了-理想生活上天猫,MOM,26217600545,338223475884.0,t***2,,,,https://chaoshi.detail.tmall.com/item.htm?id=26217600545,2018-01-18 13:50:04,有乳糖口感会甜一点，腥味是有的，不过大便很通畅。评价还是很客观的
Tmall,天猫超市,https://chaoshi.tmall.com/,Nestle/雀巢妈妈孕产妇配方奶粉罐装  900g/罐-天猫超市-天猫Tmall.com-上天猫，就购了-理想生活上天猫,MOM,26217600545,338130609070.0,兜***喔,,,,https://chaoshi.detail.tmall.com/item.htm?id=26217600545,2018-01-18 08:27:32,好，冲着益生菌买的！！
Tmall,天猫超市,https://chaoshi.tmall.com/,Nestle/雀巢妈妈孕产妇配方奶粉罐装  900g/罐-天猫超市-天猫Tmall.com-上天猫，就购了-理想生活上天猫,MOM,26217600545,338085577084.0,z***1,,,,https://chaoshi.detail.tmall.com/item.htm?id=26217600545,2018-01-17 18:32:28,京东是出名的快，天猫超市也很快哦，都是早上下单买的，京东中午送到，天猫晚上送到，很满意
Tmall,天猫超市,https://chaoshi.tmall.com/,Nestle/雀巢妈妈孕产妇配方奶粉罐装  900g/罐-天猫超市-天猫Tmall.com-上天猫，就购了-理想生活上天猫,MOM,26217600545,338148962552.0,y***9,,,,https://chaoshi.detail.tmall.com/item.htm?id=26217600545,2018-01-17 13:55:58,太甜了
Tmall,天猫超市,https://chaoshi.tmall.com/,Nestle/雀巢妈妈孕产妇配方奶粉罐装  900g/罐-天猫超市-天猫Tmall.com-上天猫，就购了-理想生活上天猫,MOM,26217600545,338099281960.0,添***d,,,,https://chaoshi.detail.tmall.com/item.htm?id=26217600545,2018-01-17 12:41:45,喝了一杯还不错不太甜，希望对宝宝有帮助
Tmall,天猫超市,https://chaoshi.tmall.com/,Nestle/雀巢妈妈孕产妇配方奶粉罐装  900g/罐-天猫超市-天猫Tmall.com-上天猫，就购了-理想生活上天猫,MOM,26217600545,338092561764.0,霞***8,,,,https://chaoshi.detail.tmall.com/item.htm?id=26217600545,2018-01-17 12:01:00,这特么是我在天猫购物最不愉快的一次！！！没有之一！！！我拉了两天肚子！我都怀7个月了还拉了两天肚子！起初还以为吃坏东西了，后来发现是奶粉的问题。两个晚上都没睡好。买奶粉还是要慎重啊！
Tmall,天猫超市,https://chaoshi.tmall.com/,Nestle/雀巢妈妈孕产妇配方奶粉罐装  900g/罐-天猫超市-天猫Tmall.com-上天猫，就购了-理想生活上天猫,MOM,26217600545,338051418216.0,g***8,,,,https://chaoshi.detail.tmall.com/item.htm?id=26217600545,2018-01-17 04:03:53,还没喝，喝完来评价
Tmall,天猫超市,https://chaoshi.tmall.com/,Nestle/雀巢妈妈孕产妇配方奶粉罐装  900g/罐-天猫超市-天猫Tmall.com-上天猫，就购了-理想生活上天猫,MOM,26217600545,338043769396.0,t***0,,,,https://chaoshi.detail.tmall.com/item.htm?id=26217600545,2018-01-16 17:51:31,挺好的，只是价格浮动有点大，上次买155现在就167了
Tmall,天猫超市,https://chaoshi.tmall.com/,Nestle/雀巢妈妈孕产妇配方奶粉罐装  900g/罐-天猫超市-天猫Tmall.com-上天猫，就购了-理想生活上天猫,MOM,26217600545,337999971413.0,云***所,,,,https://chaoshi.detail.tmall.com/item.htm?id=26217600545,2018-01-16 16:38:54,很好
Tmall,天猫超市,https://chaoshi.tmall.com/,Nestle/雀巢妈妈孕产妇配方奶粉罐装  900g/罐-天猫超市-天猫Tmall.com-上天猫，就购了-理想生活上天猫,MOM,26217600545,337885641450.0,非***讯,,,,https://chaoshi.detail.tmall.com/item.htm?id=26217600545,2018-01-16 03:08:21,很好&middot；&middot；&middot；&middot；&middot；&middot；
Tmall,天猫超市,https://chaoshi.tmall.com/,Nestle/雀巢妈妈孕产妇配方奶粉罐装  900g/罐-天猫超市-天猫Tmall.com-上天猫，就购了-理想生活上天猫,MOM,26217600545,337916846760.0,安***飞,,,,https://chaoshi.detail.tmall.com/item.htm?id=26217600545,2018-01-15 21:50:07,老婆说还可以
Tmall,天猫超市,https://chaoshi.tmall.com/,Nestle/雀巢妈妈孕产妇配方奶粉罐装  900g/罐-天猫超市-天猫Tmall.com-上天猫，就购了-理想生活上天猫,MOM,26217600545,337875499806.0,漫***9,,,,https://chaoshi.detail.tmall.com/item.htm?id=26217600545,2018-01-15 21:36:42,也不知道是我胃口不好，还是其他原因，就是感觉太甜了
Tmall,天猫超市,https://chaoshi.tmall.com/,Nestle/雀巢妈妈孕产妇配方奶粉罐装  900g/罐-天猫超市-天猫Tmall.com-上天猫，就购了-理想生活上天猫,MOM,26217600545,337855702696.0,大***炮,,,,https://chaoshi.detail.tmall.com/item.htm?id=26217600545,2018-01-15 15:00:38,还行 媳妇喝的没啥反应
Tmall,天猫超市,https://chaoshi.tmall.com/,Nestle/雀巢妈妈孕产妇配方奶粉罐装  900g/罐-天猫超市-天猫Tmall.com-上天猫，就购了-理想生活上天猫,MOM,26217600545,337806517112.0,y***6,,,,https://chaoshi.detail.tmall.com/item.htm?id=26217600545,2018-01-15 08:28:35,喝了还觉得不错，还会购买的。
Tmall,天猫超市,https://chaoshi.tmall.com/,Nestle/雀巢妈妈孕产妇配方奶粉罐装  900g/罐-天猫超市-天猫Tmall.com-上天猫，就购了-理想生活上天猫,MOM,26217600545,337787209761.0,三***宝,,,,https://chaoshi.detail.tmall.com/item.htm?id=26217600545,2018-01-14 21:38:05,好品质选雀巢
Tmall,天猫超市,https://chaoshi.tmall.com/,Nestle/雀巢妈妈孕产妇配方奶粉罐装  900g/罐-天猫超市-天猫Tmall.com-上天猫，就购了-理想生活上天猫,MOM,26217600545,337754244405.0,流***楼,,,,https://chaoshi.detail.tmall.com/item.htm?id=26217600545,2018-01-14 18:23:53,nb.  晚上3点钟下单 第二天2点半到   还没打开试 试后再追评
Tmall,天猫超市,https://chaoshi.tmall.com/,Nestle/雀巢妈妈孕产妇配方奶粉罐装  900g/罐-天猫超市-天猫Tmall.com-上天猫，就购了-理想生活上天猫,MOM,26217600545,337721337721.0,i***心,,,,https://chaoshi.detail.tmall.com/item.htm?id=26217600545,2018-01-14 13:13:07,奶粉是真的  比超市里便宜多了  下次还在这里买  天猫超市的东西一向蛮好的
Tmall,天猫超市,https://chaoshi.tmall.com/,Nestle/雀巢妈妈孕产妇配方奶粉罐装  900g/罐-天猫超市-天猫Tmall.com-上天猫，就购了-理想生活上天猫,MOM,26217600545,337678518881.0,买***3,,,,https://chaoshi.detail.tmall.com/item.htm?id=26217600545,2018-01-14 13:05:22,好快，昨天晚上下单，今天下午就收到货！不过还没喝，希望不会失望
Tmall,天猫超市,https://chaoshi.tmall.com/,Nestle/雀巢妈妈孕产妇配方奶粉罐装  900g/罐-天猫超市-天猫Tmall.com-上天猫，就购了-理想生活上天猫,MOM,26217600545,337707639159.0,静***1,,,,https://chaoshi.detail.tmall.com/item.htm?id=26217600545,2018-01-14 10:13:43,还没吃呢，不知道。
Tmall,天猫超市,https://chaoshi.tmall.com/,Nestle/雀巢妈妈孕产妇配方奶粉罐装  900g/罐-天猫超市-天猫Tmall.com-上天猫，就购了-理想生活上天猫,MOM,26217600545,337677559026.0,眩***娟,,,,https://chaoshi.detail.tmall.com/item.htm?id=26217600545,2018-01-14 09:25:27,好评
Tmall,天猫超市,https://chaoshi.tmall.com/,Nestle/雀巢妈妈孕产妇配方奶粉罐装  900g/罐-天猫超市-天猫Tmall.com-上天猫，就购了-理想生活上天猫,MOM,26217600545,337643531868.0,笑***生,,,,https://chaoshi.detail.tmall.com/item.htm?id=26217600545,2018-01-14 09:18:02,嗯 有点咸  也还是能喝下去的
Tmall,天猫超市,https://chaoshi.tmall.com/,Nestle/雀巢妈妈孕产妇配方奶粉罐装  900g/罐-天猫超市-天猫Tmall.com-上天猫，就购了-理想生活上天猫,MOM,26217600545,337515016405.0,卞***2,,,,https://chaoshi.detail.tmall.com/item.htm?id=26217600545,2018-01-12 22:39:50,不错
Tmall,天猫超市,https://chaoshi.tmall.com/,Nestle/雀巢妈妈孕产妇配方奶粉罐装  900g/罐-天猫超市-天猫Tmall.com-上天猫，就购了-理想生活上天猫,MOM,26217600545,337469450640.0,两***点,,,,https://chaoshi.detail.tmall.com/item.htm?id=26217600545,2018-01-12 21:34:59,一般般，
Tmall,天猫超市,https://chaoshi.tmall.com/,Nestle/雀巢妈妈孕产妇配方奶粉罐装  900g/罐-天猫超市-天猫Tmall.com-上天猫，就购了-理想生活上天猫,MOM,26217600545,337464689211.0,q***6,,,,https://chaoshi.detail.tmall.com/item.htm?id=26217600545,2018-01-12 14:34:57,此用户没有填写评论!
Tmall,天猫超市,https://chaoshi.tmall.com/,Nestle/雀巢妈妈孕产妇配方奶粉罐装  900g/罐-天猫超市-天猫Tmall.com-上天猫，就购了-理想生活上天猫,MOM,26217600545,337429760667.0,中***芝,,,,https://chaoshi.detail.tmall.com/item.htm?id=26217600545,2018-01-12 10:28:56,老客户，物流快，喜欢
Tmall,天猫超市,https://chaoshi.tmall.com/,Nestle/雀巢妈妈孕产妇配方奶粉罐装  900g/罐-天猫超市-天猫Tmall.com-上天猫，就购了-理想生活上天猫,MOM,26217600545,342160132484.0,t***5,,,,https://chaoshi.detail.tmall.com/item.htm?id=26217600545,2018-01-12 08:45:13,此用户没有填写评论!
Tmall,天猫超市,https://chaoshi.tmall.com/,Nestle/雀巢妈妈孕产妇配方奶粉罐装  900g/罐-天猫超市-天猫Tmall.com-上天猫，就购了-理想生活上天猫,MOM,26217600545,337325109452.0,胖***9,,,,https://chaoshi.detail.tmall.com/item.htm?id=26217600545,2018-01-11 22:04:36,已经是第二瓶了，味道还是可以的
Tmall,天猫超市,https://chaoshi.tmall.com/,Nestle/雀巢妈妈孕产妇配方奶粉罐装  900g/罐-天猫超市-天猫Tmall.com-上天猫，就购了-理想生活上天猫,MOM,26217600545,337281200956.0,成***1,,,,https://chaoshi.detail.tmall.com/item.htm?id=26217600545,2018-01-11 10:55:05,挺好的
Tmall,天猫超市,https://chaoshi.tmall.com/,Nestle/雀巢妈妈孕产妇配方奶粉罐装  900g/罐-天猫超市-天猫Tmall.com-上天猫，就购了-理想生活上天猫,MOM,26217600545,337227207430.0,墨***冬,,,,https://chaoshi.detail.tmall.com/item.htm?id=26217600545,2018-01-11 09:40:43,来个我自身的评价，第一次喝这个奶粉，本来是想给肚子里的宝宝补充营养。首先快递送了三天，并没有某些买家说得这么快。。拿到之后按照提示200毫升5勺的用量，太浓了，喝着有股腥苦味道，然后不就就拉肚子，之后并一整天的肚子胀气，咕噜咕噜叫，难受。。隔了三天，再喝，大约300毫升水2勺，喝了之后还是胀气不舒服，只是没有上次那么严重。。然后就不敢喝了，放置着，给人吧，又怕别人也这种情况，不给真着实浪费。
Tmall,天猫超市,https://chaoshi.tmall.com/,Nestle/雀巢妈妈孕产妇配方奶粉罐装  900g/罐-天猫超市-天猫Tmall.com-上天猫，就购了-理想生活上天猫,MOM,26217600545,337289591123.0,c***i,,,,https://chaoshi.detail.tmall.com/item.htm?id=26217600545,2018-01-11 08:08:51,奶粉不错，日期也很新，味道也不错。。。
Tmall,天猫超市,https://chaoshi.tmall.com/,Nestle/雀巢妈妈孕产妇配方奶粉罐装  900g/罐-天猫超市-天猫Tmall.com-上天猫，就购了-理想生活上天猫,MOM,26217600545,337251496424.0,记***好,,,,https://chaoshi.detail.tmall.com/item.htm?id=26217600545,2018-01-11 06:30:39,喝了一次，本来没有想吐的感觉，喝了后，把我中饭早饭全都吐出来了，这次后，连带2天身体都不舒服没缓过来。再也不喝了，这垃圾
Tmall,天猫超市,https://chaoshi.tmall.com/,Nestle/雀巢妈妈孕产妇配方奶粉罐装  900g/罐-天猫超市-天猫Tmall.com-上天猫，就购了-理想生活上天猫,MOM,26217600545,337258330896.0,m***4,,,,https://chaoshi.detail.tmall.com/item.htm?id=26217600545,2018-01-11 02:04:13,很不错  味道很好。不腥
Tmall,天猫超市,https://chaoshi.tmall.com/,Nestle/雀巢妈妈孕产妇配方奶粉罐装  900g/罐-天猫超市-天猫Tmall.com-上天猫，就购了-理想生活上天猫,MOM,26217600545,337222818068.0,l***2,,,,https://chaoshi.detail.tmall.com/item.htm?id=26217600545,2018-01-10 20:07:44,奶粉收到了，包装完好无损，味道还不错，好评。
Tmall,天猫超市,https://chaoshi.tmall.com/,Nestle/雀巢妈妈孕产妇配方奶粉罐装  900g/罐-天猫超市-天猫Tmall.com-上天猫，就购了-理想生活上天猫,MOM,26217600545,337253571767.0,t***2,,,,https://chaoshi.detail.tmall.com/item.htm?id=26217600545,2018-01-10 19:43:14,虽说有下雪的因素在，但同时买的另一件商品已经到了，这个快递到1月4号就没更新物流了，很不开心
Tmall,天猫超市,https://chaoshi.tmall.com/,Nestle/雀巢妈妈孕产妇配方奶粉罐装  900g/罐-天猫超市-天猫Tmall.com-上天猫，就购了-理想生活上天猫,MOM,26217600545,337255212523.0,凉***7,,,,https://chaoshi.detail.tmall.com/item.htm?id=26217600545,2018-01-10 18:49:22,闻起来很香，喝起来也不错，香甜香甜的，不过最好再淡一点
Tmall,天猫超市,https://chaoshi.tmall.com/,Nestle/雀巢妈妈孕产妇配方奶粉罐装  900g/罐-天猫超市-天猫Tmall.com-上天猫，就购了-理想生活上天猫,MOM,26217600545,337157666463.0,龙***气,,,,https://chaoshi.detail.tmall.com/item.htm?id=26217600545,2018-01-10 11:49:02,奶香味不足
Tmall,天猫超市,https://chaoshi.tmall.com/,Nestle/雀巢妈妈孕产妇配方奶粉罐装  900g/罐-天猫超市-天猫Tmall.com-上天猫，就购了-理想生活上天猫,MOM,26217600545,337096978627.0,h***0,,,,https://chaoshi.detail.tmall.com/item.htm?id=26217600545,2018-01-09 23:26:10,正品
Tmall,天猫超市,https://chaoshi.tmall.com/,Nestle/雀巢妈妈孕产妇配方奶粉罐装  900g/罐-天猫超市-天猫Tmall.com-上天猫，就购了-理想生活上天猫,MOM,26217600545,337145475105.0,t***1,,,,https://chaoshi.detail.tmall.com/item.htm?id=26217600545,2018-01-09 23:21:11,奶粉难喝
Tmall,天猫超市,https://chaoshi.tmall.com/,Nestle/雀巢妈妈孕产妇配方奶粉罐装  900g/罐-天猫超市-天猫Tmall.com-上天猫，就购了-理想生活上天猫,MOM,26217600545,337108508620.0,s***n,,,,https://chaoshi.detail.tmall.com/item.htm?id=26217600545,2018-01-09 22:22:00,真的，不好喝。但是，为了营养均衡！早上喝了一次，喝了没有不良反应。
Tmall,天猫超市,https://chaoshi.tmall.com/,Nestle/雀巢妈妈孕产妇配方奶粉罐装  900g/罐-天猫超市-天猫Tmall.com-上天猫，就购了-理想生活上天猫,MOM,26217600545,337159700602.0,a***y,,,,https://chaoshi.detail.tmall.com/item.htm?id=26217600545,2018-01-09 20:10:22,买了几次，味道还行，补充营养，方便快捷
Tmall,天猫超市,https://chaoshi.tmall.com/,Nestle/雀巢妈妈孕产妇配方奶粉罐装  900g/罐-天猫超市-天猫Tmall.com-上天猫，就购了-理想生活上天猫,MOM,26217600545,337107468060.0,w***n,,,,https://chaoshi.detail.tmall.com/item.htm?id=26217600545,2018-01-09 19:29:01,正品 罐装比盒装 好   已经在喝
Tmall,天猫超市,https://chaoshi.tmall.com/,Nestle/雀巢妈妈孕产妇配方奶粉罐装  900g/罐-天猫超市-天猫Tmall.com-上天猫，就购了-理想生活上天猫,MOM,26217600545,337171270785.0,t***9,,,,https://chaoshi.detail.tmall.com/item.htm?id=26217600545,2018-01-09 19:16:14,奶粉喝了，口味还可以吧！以前怀大宝时喝的是雀巢的，因为肠胃不好，怀二宝直接就买了两桶慢慢喝，品牌响，直得信赖。快递哥也很给力，做飞机来的，订了第二天就到。
Tmall,天猫超市,https://chaoshi.tmall.com/,Nestle/雀巢妈妈孕产妇配方奶粉罐装  900g/罐-天猫超市-天猫Tmall.com-上天猫，就购了-理想生活上天猫,MOM,26217600545,337122712346.0,小***0,,,,https://chaoshi.detail.tmall.com/item.htm?id=26217600545,2018-01-09 16:12:54,噗，多长胎少长肉，可我偏偏爱长肉
Tmall,天猫超市,https://chaoshi.tmall.com/,Nestle/雀巢妈妈孕产妇配方奶粉罐装  900g/罐-天猫超市-天猫Tmall.com-上天猫，就购了-理想生活上天猫,MOM,26217600545,337085063546.0,y***1,,,,https://chaoshi.detail.tmall.com/item.htm?id=26217600545,2018-01-09 14:02:13,扫码是正品，但是快递态度及服务太差了，下次不会再在天猫买了。
Tmall,天猫超市,https://chaoshi.tmall.com/,Nestle/雀巢妈妈孕产妇配方奶粉罐装  900g/罐-天猫超市-天猫Tmall.com-上天猫，就购了-理想生活上天猫,MOM,26217600545,337038667991.0,1***美,,,,https://chaoshi.detail.tmall.com/item.htm?id=26217600545,2018-01-09 05:16:11,物流很快，好评
Tmall,天猫超市,https://chaoshi.tmall.com/,Nestle/雀巢妈妈孕产妇配方奶粉罐装  900g/罐-天猫超市-天猫Tmall.com-上天猫，就购了-理想生活上天猫,MOM,26217600545,337021317596.0,a***3,,,,https://chaoshi.detail.tmall.com/item.htm?id=26217600545,2018-01-08 21:05:58,甜
Tmall,天猫超市,https://chaoshi.tmall.com/,Nestle/雀巢妈妈孕产妇配方奶粉罐装  900g/罐-天猫超市-天猫Tmall.com-上天猫，就购了-理想生活上天猫,MOM,26217600545,337028253472.0,酚***4,,,,https://chaoshi.detail.tmall.com/item.htm?id=26217600545,2018-01-08 16:39:44,领券买的，减了30，还好，没有什么腥味，可以接受
Tmall,天猫超市,https://chaoshi.tmall.com/,Nestle/雀巢妈妈孕产妇配方奶粉罐装  900g/罐-天猫超市-天猫Tmall.com-上天猫，就购了-理想生活上天猫,MOM,26217600545,337005434792.0,j***7,,,,https://chaoshi.detail.tmall.com/item.htm?id=26217600545,2018-01-08 16:12:14,天猫超市就是快，两天就到了，天猫超市就是快，两天就到了，天猫超市就是快，两天就到了，天猫超市就是快，两天就到了，天猫超市就是快，两天就到了，天猫超市就是快，两天就到了，天猫超市就是快，两天就到了，天猫超市就是快，两天就到了，天猫超市就是快，两天就到了，天猫超市就是快，两天就到了，天猫超市就是快，两天就到了，天猫超市就是快，两天就到了天猫超市就是快，两天就到了，天猫超市就是快，两天就到了，天猫超市就是快，两天就到了，天猫超市就是快，两天就到了，天猫超市就是快，两天就到了，
Tmall,天猫超市,https://chaoshi.tmall.com/,Nestle/雀巢妈妈孕产妇配方奶粉罐装  900g/罐-天猫超市-天猫Tmall.com-上天猫，就购了-理想生活上天猫,MOM,26217600545,337041231779.0,l***5,,,,https://chaoshi.detail.tmall.com/item.htm?id=26217600545,2018-01-08 14:56:37,好
Tmall,天猫超市,https://chaoshi.tmall.com/,Nestle/雀巢妈妈孕产妇配方奶粉罐装  900g/罐-天猫超市-天猫Tmall.com-上天猫，就购了-理想生活上天猫,MOM,26217600545,336960521519.0,顶***行,,,,https://chaoshi.detail.tmall.com/item.htm?id=26217600545,2018-01-08 00:56:50,不错
Tmall,天猫超市,https://chaoshi.tmall.com/,Nestle/雀巢妈妈孕产妇配方奶粉罐装  900g/罐-天猫超市-天猫Tmall.com-上天猫，就购了-理想生活上天猫,MOM,26217600545,337003992924.0,h***4,,,,https://chaoshi.detail.tmall.com/item.htm?id=26217600545,2018-01-07 21:08:11,买了几次感觉不错，送货速度非常大！
Tmall,天猫超市,https://chaoshi.tmall.com/,Nestle/雀巢妈妈孕产妇配方奶粉罐装  900g/罐-天猫超市-天猫Tmall.com-上天猫，就购了-理想生活上天猫,MOM,26217600545,336941521737.0,t***1,,,,https://chaoshi.detail.tmall.com/item.htm?id=26217600545,2018-01-07 16:35:30,买了第二罐了，刚开始喝不惯这味，现在渐渐的习惯了。
Tmall,天猫超市,https://chaoshi.tmall.com/,Nestle/雀巢妈妈孕产妇配方奶粉罐装  900g/罐-天猫超市-天猫Tmall.com-上天猫，就购了-理想生活上天猫,MOM,26217600545,336935354352.0,s***3,,,,https://chaoshi.detail.tmall.com/item.htm?id=26217600545,2018-01-07 12:40:37,不孬
Tmall,天猫超市,https://chaoshi.tmall.com/,Nestle/雀巢妈妈孕产妇配方奶粉罐装  900g/罐-天猫超市-天猫Tmall.com-上天猫，就购了-理想生活上天猫,MOM,26217600545,336893781206.0,s***7,,,,https://chaoshi.detail.tmall.com/item.htm?id=26217600545,2018-01-07 11:17:50,喝起来还好，一直再用。。。
Tmall,天猫超市,https://chaoshi.tmall.com/,Nestle/雀巢妈妈孕产妇配方奶粉罐装  900g/罐-天猫超市-天猫Tmall.com-上天猫，就购了-理想生活上天猫,MOM,26217600545,336934662765.0,l***7,,,,https://chaoshi.detail.tmall.com/item.htm?id=26217600545,2018-01-07 09:33:14,好
Tmall,天猫超市,https://chaoshi.tmall.com/,Nestle/雀巢妈妈孕产妇配方奶粉罐装  900g/罐-天猫超市-天猫Tmall.com-上天猫，就购了-理想生活上天猫,MOM,26217600545,336878750816.0,小***1,,,,https://chaoshi.detail.tmall.com/item.htm?id=26217600545,2018-01-07 06:54:07,有点甜，可以
Tmall,天猫超市,https://chaoshi.tmall.com/,Nestle/雀巢妈妈孕产妇配方奶粉罐装  900g/罐-天猫超市-天猫Tmall.com-上天猫，就购了-理想生活上天猫,MOM,26217600545,336879440694.0,裙***飞,,,,https://chaoshi.detail.tmall.com/item.htm?id=26217600545,2018-01-06 21:48:45,好评
Tmall,天猫超市,https://chaoshi.tmall.com/,Nestle/雀巢妈妈孕产妇配方奶粉罐装  900g/罐-天猫超市-天猫Tmall.com-上天猫，就购了-理想生活上天猫,MOM,26217600545,336797372442.0,南***花,,,,https://chaoshi.detail.tmall.com/item.htm?id=26217600545,2018-01-06 18:29:46,哺乳期买来喝的，味道我个人觉得甜了
Tmall,天猫超市,https://chaoshi.tmall.com/,Nestle/雀巢妈妈孕产妇配方奶粉罐装  900g/罐-天猫超市-天猫Tmall.com-上天猫，就购了-理想生活上天猫,MOM,26217600545,336853775545.0,m***o,,,,https://chaoshi.detail.tmall.com/item.htm?id=26217600545,2018-01-06 15:35:49,有妊娠期高血糖，找了几款奶粉，这款不含蔗糖
Tmall,天猫超市,https://chaoshi.tmall.com/,Nestle/雀巢妈妈孕产妇配方奶粉罐装  900g/罐-天猫超市-天猫Tmall.com-上天猫，就购了-理想生活上天猫,MOM,26217600545,336814819619.0,金***使,,,,https://chaoshi.detail.tmall.com/item.htm?id=26217600545,2018-01-06 15:02:12,够快
Tmall,天猫超市,https://chaoshi.tmall.com/,Nestle/雀巢妈妈孕产妇配方奶粉罐装  900g/罐-天猫超市-天猫Tmall.com-上天猫，就购了-理想生活上天猫,MOM,26217600545,336785622285.0,h***0,,,,https://chaoshi.detail.tmall.com/item.htm?id=26217600545,2018-01-06 13:46:49,怀大宝的时候喝的就是这个牌子的奶粉。味道还不错。但是在实体店买的。有送一个小礼盒。然后这次就在网上买了。可惜什么都没送。
Tmall,天猫超市,https://chaoshi.tmall.com/,Nestle/雀巢妈妈孕产妇配方奶粉罐装  900g/罐-天猫超市-天猫Tmall.com-上天猫，就购了-理想生活上天猫,MOM,26217600545,336870787567.0,刘***3,,,,https://chaoshi.detail.tmall.com/item.htm?id=26217600545,2018-01-06 13:43:33,味道不错
Tmall,天猫超市,https://chaoshi.tmall.com/,Nestle/雀巢妈妈孕产妇配方奶粉罐装  900g/罐-天猫超市-天猫Tmall.com-上天猫，就购了-理想生活上天猫,MOM,26217600545,336791444432.0,h***淘,,,,https://chaoshi.detail.tmall.com/item.htm?id=26217600545,2018-01-05 23:05:31,真！难！喝！没有勇气再尝试了
Tmall,天猫超市,https://chaoshi.tmall.com/,Nestle/雀巢妈妈孕产妇配方奶粉罐装  900g/罐-天猫超市-天猫Tmall.com-上天猫，就购了-理想生活上天猫,MOM,26217600545,336791304118.0,悠***g,,,,https://chaoshi.detail.tmall.com/item.htm?id=26217600545,2018-01-05 21:40:11,以前从来没有认真写过文字评论，自从听说评论可以获得更高的淘气值以后，我就在想以后要好好的写评论，而且要晒美美的图。嗯，是的，就是这样的，要负责任的写好每一笔订单的评论，好的，期待我之后的每一次优秀的评论吧，希望我的淘气值能快速的提升，想成为超级会员很久了，加油，多评论一点，多写一些字，希望淘宝看在我这么用心评论的份上，字数打了这么多的诚意上，多帮我增加一点淘气值，之前的我没有好好珍惜订单评价，每次都懒得评论，让我的淘气值还下降了，追悔莫及，以后的我再也不会这样了，一定好好评论，如果有字数限制的话，我一定认真的写到200字以上，好了，写了这么多，我的评价已经差不多要结束了，希望这样可以给我带来很多的淘气值，相信我，我的每一个评论都是很认真的在写，想要复制粘贴的小可爱们，还是自己乖乖写吧，听说，听说淘宝评论不能复制的嘿嘿嘿嘿嘿嘿，可以试试呀嘻嘻嘻嘻嘻。
Tmall,天猫超市,https://chaoshi.tmall.com/,Nestle/雀巢妈妈孕产妇配方奶粉罐装  900g/罐-天猫超市-天猫Tmall.com-上天猫，就购了-理想生活上天猫,MOM,26217600545,336803578130.0,t***0,,,,https://chaoshi.detail.tmall.com/item.htm?id=26217600545,2018-01-05 21:15:08,速度很快。
Tmall,天猫超市,https://chaoshi.tmall.com/,Nestle/雀巢妈妈孕产妇配方奶粉罐装  900g/罐-天猫超市-天猫Tmall.com-上天猫，就购了-理想生活上天猫,MOM,26217600545,336746651488.0,有***3,,,,https://chaoshi.detail.tmall.com/item.htm?id=26217600545,2018-01-05 19:06:28,这什么奶粉，吃一次拉一次肚子，叫人怎么吃！
Tmall,天猫超市,https://chaoshi.tmall.com/,Nestle/雀巢妈妈孕产妇配方奶粉罐装  900g/罐-天猫超市-天猫Tmall.com-上天猫，就购了-理想生活上天猫,MOM,26217600545,336773853159.0,z***h,,,,https://chaoshi.detail.tmall.com/item.htm?id=26217600545,2018-01-05 13:42:22,天猫超市，购物就是方便。比外面超市便宜一些。
Tmall,天猫超市,https://chaoshi.tmall.com/,Nestle/雀巢妈妈孕产妇配方奶粉罐装  900g/罐-天猫超市-天猫Tmall.com-上天猫，就购了-理想生活上天猫,MOM,26217600545,336633511475.0,小***2,,,,https://chaoshi.detail.tmall.com/item.htm?id=26217600545,2018-01-04 22:09:41,看着还行，还没用，看着还行，还没用，看着还行，还没用，看着还行，还没用，看着还看着还行，还没用，还没用，看着还行，还没用，看着还行，还没用，看着还行，还没用，看着还行，还没用，看着还行，还没用，看着还行，还没用，看着还行，还没用，看着还行，还没用，看着还行，还没用，看着还行，还没用，
Tmall,天猫超市,https://chaoshi.tmall.com/,Nestle/雀巢妈妈孕产妇配方奶粉罐装  900g/罐-天猫超市-天猫Tmall.com-上天猫，就购了-理想生活上天猫,MOM,26217600545,336660014541.0,s***虚,,,,https://chaoshi.detail.tmall.com/item.htm?id=26217600545,2018-01-04 17:07:02,一如既往的支持
Tmall,天猫超市,https://chaoshi.tmall.com/,Nestle/雀巢妈妈孕产妇配方奶粉罐装  900g/罐-天猫超市-天猫Tmall.com-上天猫，就购了-理想生活上天猫,MOM,26217600545,336608039512.0,杨***7,,,,https://chaoshi.detail.tmall.com/item.htm?id=26217600545,2018-01-04 13:26:51,好好好好好好好好好好好
Tmall,天猫超市,https://chaoshi.tmall.com/,Nestle/雀巢妈妈孕产妇配方奶粉罐装  900g/罐-天猫超市-天猫Tmall.com-上天猫，就购了-理想生活上天猫,MOM,26217600545,336586356072.0,t***1,,,,https://chaoshi.detail.tmall.com/item.htm?id=26217600545,2018-01-04 01:44:52,还可以吧。
Tmall,天猫超市,https://chaoshi.tmall.com/,Nestle/雀巢妈妈孕产妇配方奶粉罐装  900g/罐-天猫超市-天猫Tmall.com-上天猫，就购了-理想生活上天猫,MOM,26217600545,336597463173.0,看***人,,,,https://chaoshi.detail.tmall.com/item.htm?id=26217600545,2018-01-03 21:51:14,第3次购买，还不错
Tmall,天猫超市,https://chaoshi.tmall.com/,Nestle/雀巢妈妈孕产妇配方奶粉罐装  900g/罐-天猫超市-天猫Tmall.com-上天猫，就购了-理想生活上天猫,MOM,26217600545,336567245454.0,唯***g,,,,https://chaoshi.detail.tmall.com/item.htm?id=26217600545,2018-01-03 20:07:36,非常好 非常好 非常好 非常好 非常好 非常好 非常好 非常好 非常好 非常好 天猫老顾客了  天猫老顾客了  天猫老顾客了  天猫老顾客了  天猫老顾客了  天猫老顾客了  天猫老顾客了  天猫老顾客了
Tmall,天猫超市,https://chaoshi.tmall.com/,Nestle/雀巢妈妈孕产妇配方奶粉罐装  900g/罐-天猫超市-天猫Tmall.com-上天猫，就购了-理想生活上天猫,MOM,26217600545,336585288507.0,c***4,,,,https://chaoshi.detail.tmall.com/item.htm?id=26217600545,2018-01-03 19:22:18,有点时间久了的那种味道，生产日期又是十月份的，味道不是特别好，而且还比苏宁易购贵二十几块钱。
Tmall,天猫超市,https://chaoshi.tmall.com/,Nestle/雀巢妈妈孕产妇配方奶粉罐装  900g/罐-天猫超市-天猫Tmall.com-上天猫，就购了-理想生活上天猫,MOM,26217600545,336495192609.0,陈***8,,,,https://chaoshi.detail.tmall.com/item.htm?id=26217600545,2018-01-03 15:26:56,囤货中，还没吃。应该是正品
Tmall,天猫超市,https://chaoshi.tmall.com/,Nestle/雀巢妈妈孕产妇配方奶粉罐装  900g/罐-天猫超市-天猫Tmall.com-上天猫，就购了-理想生活上天猫,MOM,26217600545,336491685639.0,小***僻,,,,https://chaoshi.detail.tmall.com/item.htm?id=26217600545,2018-01-03 14:43:41,好评
Tmall,天猫超市,https://chaoshi.tmall.com/,Nestle/雀巢妈妈孕产妇配方奶粉罐装  900g/罐-天猫超市-天猫Tmall.com-上天猫，就购了-理想生活上天猫,MOM,26217600545,336500386065.0,袁***1,,,,https://chaoshi.detail.tmall.com/item.htm?id=26217600545,2018-01-03 13:21:01,不好喝  喝的想吐  怀孕六个月了 不知道是不是不习惯   喝美优高不吐  也不反胃
Tmall,天猫超市,https://chaoshi.tmall.com/,Nestle/雀巢妈妈孕产妇配方奶粉罐装  900g/罐-天猫超市-天猫Tmall.com-上天猫，就购了-理想生活上天猫,MOM,26217600545,336473575217.0,l***2,,,,https://chaoshi.detail.tmall.com/item.htm?id=26217600545,2018-01-03 07:22:32,还可以，味道奶香味的，还没吃
Tmall,天猫超市,https://chaoshi.tmall.com/,Nestle/雀巢妈妈孕产妇配方奶粉罐装  900g/罐-天猫超市-天猫Tmall.com-上天猫，就购了-理想生活上天猫,MOM,26217600545,336426712918.0,t***2,,,,https://chaoshi.detail.tmall.com/item.htm?id=26217600545,2018-01-02 13:07:44,奶粉不错
Tmall,天猫超市,https://chaoshi.tmall.com/,Nestle/雀巢妈妈孕产妇配方奶粉罐装  900g/罐-天猫超市-天猫Tmall.com-上天猫，就购了-理想生活上天猫,MOM,26217600545,336416866560.0,y***0,,,,https://chaoshi.detail.tmall.com/item.htm?id=26217600545,2018-01-02 11:58:22,口味不错
Tmall,天猫超市,https://chaoshi.tmall.com/,Nestle/雀巢妈妈孕产妇配方奶粉罐装  900g/罐-天猫超市-天猫Tmall.com-上天猫，就购了-理想生活上天猫,MOM,26217600545,336286743477.0,w***s,,,,https://chaoshi.detail.tmall.com/item.htm?id=26217600545,2018-01-02 01:23:04,老婆说，口感不错。
Tmall,天猫超市,https://chaoshi.tmall.com/,Nestle/雀巢妈妈孕产妇配方奶粉罐装  900g/罐-天猫超市-天猫Tmall.com-上天猫，就购了-理想生活上天猫,MOM,26217600545,336345035758.0,王***子,,,,https://chaoshi.detail.tmall.com/item.htm?id=26217600545,2018-01-01 21:11:22,奶粉收到了好多天了，喝了两次，不算很甜，我就放了三勺，一天喝两杯，没出现拉肚子的情况，就是喝了肚子一直在咕噜咕噜的叫，而且特别能放屁啊，喝了两天嗓子有点上火就停了，可能要感冒，应该跟奶粉没有关系，过两天嗓子不痛了再尝尝，
Tmall,天猫超市,https://chaoshi.tmall.com/,Nestle/雀巢妈妈孕产妇配方奶粉罐装  900g/罐-天猫超市-天猫Tmall.com-上天猫，就购了-理想生活上天猫,MOM,26217600545,336339392527.0,q***7,,,,https://chaoshi.detail.tmall.com/item.htm?id=26217600545,2018-01-01 21:02:46,比超市便宜多了，老婆怀孕吃的，下单到收货速度好快，赞
Tmall,天猫超市,https://chaoshi.tmall.com/,Nestle/雀巢妈妈孕产妇配方奶粉罐装  900g/罐-天猫超市-天猫Tmall.com-上天猫，就购了-理想生活上天猫,MOM,26217600545,336298176968.0,o***3,,,,https://chaoshi.detail.tmall.com/item.htm?id=26217600545,2018-01-01 18:29:18,此用户没有填写评论!
Tmall,天猫超市,https://chaoshi.tmall.com/,Nestle/雀巢妈妈孕产妇配方奶粉罐装  900g/罐-天猫超市-天猫Tmall.com-上天猫，就购了-理想生活上天猫,MOM,26217600545,336312922337.0,赤***狱,,,,https://chaoshi.detail.tmall.com/item.htm?id=26217600545,2018-01-01 16:34:43,包装结实，快递给力。
Tmall,天猫超市,https://chaoshi.tmall.com/,Nestle/雀巢妈妈孕产妇配方奶粉罐装  900g/罐-天猫超市-天猫Tmall.com-上天猫，就购了-理想生活上天猫,MOM,26217600545,336304301116.0,z***0,,,,https://chaoshi.detail.tmall.com/item.htm?id=26217600545,2018-01-01 13:38:24,我联系喝了三天。联系拉了三天肚子。我刚怀孕。不知道为什么一喝你这牛奶我就拉肚子。真差劲。还没人理我找也找不到人
Tmall,天猫超市,https://chaoshi.tmall.com/,Nestle/雀巢妈妈孕产妇配方奶粉罐装  900g/罐-天猫超市-天猫Tmall.com-上天猫，就购了-理想生活上天猫,MOM,26217600545,336266324771.0,一***间,,,,https://chaoshi.detail.tmall.com/item.htm?id=26217600545,2018-01-01 13:32:05,还没开包喝 喝过之后像某些评论一样会拉肚子的话再追加评论
Tmall,天猫超市,https://chaoshi.tmall.com/,Nestle/雀巢妈妈孕产妇配方奶粉罐装  900g/罐-天猫超市-天猫Tmall.com-上天猫，就购了-理想生活上天猫,MOM,26217600545,336245721803.0,t***6,,,,https://chaoshi.detail.tmall.com/item.htm?id=26217600545,2018-01-01 10:06:52,物流给力，还行
Tmall,天猫超市,https://chaoshi.tmall.com/,Nestle/雀巢妈妈孕产妇配方奶粉罐装  900g/罐-天猫超市-天猫Tmall.com-上天猫，就购了-理想生活上天猫,MOM,26217600545,336166630026.0,刘***帅,,,,https://chaoshi.detail.tmall.com/item.htm?id=26217600545,2018-01-01 09:39:25,香精味太重，不好喝，给孕妇喝的为什么要加香精？而且好甜！不会再买
Tmall,天猫超市,https://chaoshi.tmall.com/,Nestle/雀巢妈妈孕产妇配方奶粉罐装  900g/罐-天猫超市-天猫Tmall.com-上天猫，就购了-理想生活上天猫,MOM,26217600545,336221188120.0,李***8,,,,https://chaoshi.detail.tmall.com/item.htm?id=26217600545,2018-01-01 07:11:48,不咋地
Tmall,天猫超市,https://chaoshi.tmall.com/,雀巢妈妈孕产妇配方奶粉盒装 400g/盒 配方升级-天猫超市-天猫Tmall.com-上天猫，就购了-理想生活上天猫,MOM,533989504167,339566644157.0,对***1,,,,https://chaoshi.detail.tmall.com/item.htm?id=533989504167,2018-01-31 12:17:24,还没喝，希望可以。
Tmall,天猫超市,https://chaoshi.tmall.com/,雀巢妈妈孕产妇配方奶粉盒装 400g/盒 配方升级-天猫超市-天猫Tmall.com-上天猫，就购了-理想生活上天猫,MOM,533989504167,339436621804.0,百***7,,,,https://chaoshi.detail.tmall.com/item.htm?id=533989504167,2018-01-30 16:22:24,好评
Tmall,天猫超市,https://chaoshi.tmall.com/,雀巢妈妈孕产妇配方奶粉盒装 400g/盒 配方升级-天猫超市-天猫Tmall.com-上天猫，就购了-理想生活上天猫,MOM,533989504167,339462957587.0,月***9,,,,https://chaoshi.detail.tmall.com/item.htm?id=533989504167,2018-01-30 09:56:24,我不是孕产妇，就是因为听说喝了可以治疗便秘才买的，喝完果然肚子咕噜咕噜的叫，但是治疗便秘的效果一般。
Tmall,天猫超市,https://chaoshi.tmall.com/,雀巢妈妈孕产妇配方奶粉盒装 400g/盒 配方升级-天猫超市-天猫Tmall.com-上天猫，就购了-理想生活上天猫,MOM,533989504167,339435693379.0,彭***里,,,,https://chaoshi.detail.tmall.com/item.htm?id=533989504167,2018-01-29 23:04:52,非常好，值得推荐！
Tmall,天猫超市,https://chaoshi.tmall.com/,雀巢妈妈孕产妇配方奶粉盒装 400g/盒 配方升级-天猫超市-天猫Tmall.com-上天猫，就购了-理想生活上天猫,MOM,533989504167,339418232325.0,t***7,,,,https://chaoshi.detail.tmall.com/item.htm?id=533989504167,2018-01-29 20:36:59,朋友推荐的，说是对孕妇和宝宝都好。 之前有人说太甜了。我就200毫升的温开水加了3平匙的奶粉，口感一般般，不甜。希望对宝宝有好处。一天两杯怕喝太胖了，就坚持一天一杯吧。
Tmall,天猫超市,https://chaoshi.tmall.com/,雀巢妈妈孕产妇配方奶粉盒装 400g/盒 配方升级-天猫超市-天猫Tmall.com-上天猫，就购了-理想生活上天猫,MOM,533989504167,339321594062.0,九***翅,,,,https://chaoshi.detail.tmall.com/item.htm?id=533989504167,2018-01-29 12:40:34,不错。
Tmall,天猫超市,https://chaoshi.tmall.com/,雀巢妈妈孕产妇配方奶粉盒装 400g/盒 配方升级-天猫超市-天猫Tmall.com-上天猫，就购了-理想生活上天猫,MOM,533989504167,339347664351.0,w***8,,,,https://chaoshi.detail.tmall.com/item.htm?id=533989504167,2018-01-29 02:04:41,还好，物流也好送货到家。
Tmall,天猫超市,https://chaoshi.tmall.com/,雀巢妈妈孕产妇配方奶粉盒装 400g/盒 配方升级-天猫超市-天猫Tmall.com-上天猫，就购了-理想生活上天猫,MOM,533989504167,339313744032.0,s***y,,,,https://chaoshi.detail.tmall.com/item.htm?id=533989504167,2018-01-28 21:46:39,口感很好
Tmall,天猫超市,https://chaoshi.tmall.com/,雀巢妈妈孕产妇配方奶粉盒装 400g/盒 配方升级-天猫超市-天猫Tmall.com-上天猫，就购了-理想生活上天猫,MOM,533989504167,339192594478.0,m***u,,,,https://chaoshi.detail.tmall.com/item.htm?id=533989504167,2018-01-28 02:45:57,送货快，
Tmall,天猫超市,https://chaoshi.tmall.com/,雀巢妈妈孕产妇配方奶粉盒装 400g/盒 配方升级-天猫超市-天猫Tmall.com-上天猫，就购了-理想生活上天猫,MOM,533989504167,339106839666.0,x***0,,,,https://chaoshi.detail.tmall.com/item.htm?id=533989504167,2018-01-27 00:53:30,不说奶粉好不好，味道还不错，之前买的惠氏，腥味有点大，媳妇接受不了
Tmall,天猫超市,https://chaoshi.tmall.com/,雀巢妈妈孕产妇配方奶粉盒装 400g/盒 配方升级-天猫超市-天猫Tmall.com-上天猫，就购了-理想生活上天猫,MOM,533989504167,339033130656.0,t***5,,,,https://chaoshi.detail.tmall.com/item.htm?id=533989504167,2018-01-26 19:46:43,快
Tmall,天猫超市,https://chaoshi.tmall.com/,雀巢妈妈孕产妇配方奶粉盒装 400g/盒 配方升级-天猫超市-天猫Tmall.com-上天猫，就购了-理想生活上天猫,MOM,533989504167,338958206455.0,格***7,,,,https://chaoshi.detail.tmall.com/item.htm?id=533989504167,2018-01-26 08:16:40,很不满意，送货没有做到次日达，客服反应没人搭理，更别提理赔了！都是谎子！
Tmall,天猫超市,https://chaoshi.tmall.com/,雀巢妈妈孕产妇配方奶粉盒装 400g/盒 配方升级-天猫超市-天猫Tmall.com-上天猫，就购了-理想生活上天猫,MOM,533989504167,338916022729.0,x***y,,,,https://chaoshi.detail.tmall.com/item.htm?id=533989504167,2018-01-24 19:43:54,天猫超市购物很方便，买过很多次了。这次又买了很多，天猫超市实在是太t天猫超市太方便了，不用自己去超市买重的东西还要自己拎回家，太麻烦了。天猫超市实在是好，平时忙得很，购物太方便了，太棒了。平时把自己家里常用的需要的生活物品都放在购物车里，等到哪天有促销的时候在买，把生活物品凑到包邮的价格一起买实在是太划算了，既方便，东西有保证，很放心，不用怕买到假货。我很信赖天猫超市，就是快捷，方便 实惠。 非常好
Tmall,天猫超市,https://chaoshi.tmall.com/,雀巢妈妈孕产妇配方奶粉盒装 400g/盒 配方升级-天猫超市-天猫Tmall.com-上天猫，就购了-理想生活上天猫,MOM,533989504167,338773217874.0,华***2,,,,https://chaoshi.detail.tmall.com/item.htm?id=533989504167,2018-01-23 22:46:23,不错
Tmall,天猫超市,https://chaoshi.tmall.com/,雀巢妈妈孕产妇配方奶粉盒装 400g/盒 配方升级-天猫超市-天猫Tmall.com-上天猫，就购了-理想生活上天猫,MOM,533989504167,338781486828.0,d***9,,,,https://chaoshi.detail.tmall.com/item.htm?id=533989504167,2018-01-23 21:28:14,此用户没有填写评论!
Tmall,天猫超市,https://chaoshi.tmall.com/,雀巢妈妈孕产妇配方奶粉盒装 400g/盒 配方升级-天猫超市-天猫Tmall.com-上天猫，就购了-理想生活上天猫,MOM,533989504167,338680725851.0,加***伤,,,,https://chaoshi.detail.tmall.com/item.htm?id=533989504167,2018-01-23 12:34:43,好
Tmall,天猫超市,https://chaoshi.tmall.com/,雀巢妈妈孕产妇配方奶粉盒装 400g/盒 配方升级-天猫超市-天猫Tmall.com-上天猫，就购了-理想生活上天猫,MOM,533989504167,338689258598.0,m***o,,,,https://chaoshi.detail.tmall.com/item.htm?id=533989504167,2018-01-22 22:13:39,可能是有孕期反应，总觉得有股腥味
Tmall,天猫超市,https://chaoshi.tmall.com/,雀巢妈妈孕产妇配方奶粉盒装 400g/盒 配方升级-天猫超市-天猫Tmall.com-上天猫，就购了-理想生活上天猫,MOM,533989504167,338587633561.0,m***2,,,,https://chaoshi.detail.tmall.com/item.htm?id=533989504167,2018-01-21 21:22:41,服务好，速度快，天猫超市快捷又方便。
Tmall,天猫超市,https://chaoshi.tmall.com/,雀巢妈妈孕产妇配方奶粉盒装 400g/盒 配方升级-天猫超市-天猫Tmall.com-上天猫，就购了-理想生活上天猫,MOM,533989504167,338579508013.0,y***2,,,,https://chaoshi.detail.tmall.com/item.htm?id=533989504167,2018-01-21 21:08:39,物流很快，好
Tmall,天猫超市,https://chaoshi.tmall.com/,雀巢妈妈孕产妇配方奶粉盒装 400g/盒 配方升级-天猫超市-天猫Tmall.com-上天猫，就购了-理想生活上天猫,MOM,533989504167,338482824838.0,验***5,,,,https://chaoshi.detail.tmall.com/item.htm?id=533989504167,2018-01-21 10:03:57,买过多次还有优惠！物流超快！赞
Tmall,天猫超市,https://chaoshi.tmall.com/,雀巢妈妈孕产妇配方奶粉盒装 400g/盒 配方升级-天猫超市-天猫Tmall.com-上天猫，就购了-理想生活上天猫,MOM,533989504167,338473625802.0,曹***4,,,,https://chaoshi.detail.tmall.com/item.htm?id=533989504167,2018-01-20 20:50:37,还不错
Tmall,天猫超市,https://chaoshi.tmall.com/,雀巢妈妈孕产妇配方奶粉盒装 400g/盒 配方升级-天猫超市-天猫Tmall.com-上天猫，就购了-理想生活上天猫,MOM,533989504167,338465052735.0,h***6,,,,https://chaoshi.detail.tmall.com/item.htm?id=533989504167,2018-01-20 19:34:34,还没吃，不知道味道怎样
Tmall,天猫超市,https://chaoshi.tmall.com/,雀巢妈妈孕产妇配方奶粉盒装 400g/盒 配方升级-天猫超市-天猫Tmall.com-上天猫，就购了-理想生活上天猫,MOM,533989504167,338476361144.0,我***2,,,,https://chaoshi.detail.tmall.com/item.htm?id=533989504167,2018-01-20 17:25:45,收到东西以后马上迫不及待的打开看，与图片描述一致，超级喜欢。卖家的发货速度也很快，服务很到位，给卖家点个赞！经常在天猫超市里面购物，真的是物美价廉，经常有活动：送购物券，一分钱翻牌，满减活动。非常实惠，而且比超市里面便宜好多，完全超出了期望值。有需要的亲们，赶紧下手哟，不要再犹豫了。
Tmall,天猫超市,https://chaoshi.tmall.com/,雀巢妈妈孕产妇配方奶粉盒装 400g/盒 配方升级-天猫超市-天猫Tmall.com-上天猫，就购了-理想生活上天猫,MOM,533989504167,338412010401.0,距***8,,,,https://chaoshi.detail.tmall.com/item.htm?id=533989504167,2018-01-20 10:57:11,还不错，
Tmall,天猫超市,https://chaoshi.tmall.com/,雀巢妈妈孕产妇配方奶粉盒装 400g/盒 配方升级-天猫超市-天猫Tmall.com-上天猫，就购了-理想生活上天猫,MOM,533989504167,338428297168.0,g***5,,,,https://chaoshi.detail.tmall.com/item.htm?id=533989504167,2018-01-20 10:26:54,喝了好几种奶粉，还是喜欢这个味道
Tmall,天猫超市,https://chaoshi.tmall.com/,雀巢妈妈孕产妇配方奶粉盒装 400g/盒 配方升级-天猫超市-天猫Tmall.com-上天猫，就购了-理想生活上天猫,MOM,533989504167,338132945365.0,z***8,,,,https://chaoshi.detail.tmall.com/item.htm?id=533989504167,2018-01-17 19:56:55,好
Tmall,天猫超市,https://chaoshi.tmall.com/,雀巢妈妈孕产妇配方奶粉盒装 400g/盒 配方升级-天猫超市-天猫Tmall.com-上天猫，就购了-理想生活上天猫,MOM,533989504167,337668305218.0,小***月,,,,https://chaoshi.detail.tmall.com/item.htm?id=533989504167,2018-01-14 07:54:15,还不错的，
Tmall,天猫超市,https://chaoshi.tmall.com/,雀巢妈妈孕产妇配方奶粉盒装 400g/盒 配方升级-天猫超市-天猫Tmall.com-上天猫，就购了-理想生活上天猫,MOM,533989504167,337669442518.0,y***7,,,,https://chaoshi.detail.tmall.com/item.htm?id=533989504167,2018-01-13 18:28:39,便宜，方便，很快！
Tmall,天猫超市,https://chaoshi.tmall.com/,雀巢妈妈孕产妇配方奶粉盒装 400g/盒 配方升级-天猫超市-天猫Tmall.com-上天猫，就购了-理想生活上天猫,MOM,533989504167,337509606324.0,飞***7,,,,https://chaoshi.detail.tmall.com/item.htm?id=533989504167,2018-01-12 21:27:24,每个月都要在天猫超市买很多东西，但之前都很少认真评价，自从入了天猫超市的坑就无法自拔，省去了去实体店的麻烦，不用自己大包小包的拎回家，直接快递员可以送到家，天猫物流次日达非常快，售后服务的都非常好，只要猫超一直保持这个水准，会持续光顾的。
Tmall,天猫超市,https://chaoshi.tmall.com/,雀巢妈妈孕产妇配方奶粉盒装 400g/盒 配方升级-天猫超市-天猫Tmall.com-上天猫，就购了-理想生活上天猫,MOM,533989504167,337405216808.0,t***1,,,,https://chaoshi.detail.tmall.com/item.htm?id=533989504167,2018-01-12 07:35:59,这款特别的好哦  味道很好我喜欢
Tmall,天猫超市,https://chaoshi.tmall.com/,雀巢妈妈孕产妇配方奶粉盒装 400g/盒 配方升级-天猫超市-天猫Tmall.com-上天猫，就购了-理想生活上天猫,MOM,533989504167,337176618019.0,宝***g,,,,https://chaoshi.detail.tmall.com/item.htm?id=533989504167,2018-01-10 14:26:24,太甜
Tmall,天猫超市,https://chaoshi.tmall.com/,雀巢妈妈孕产妇配方奶粉盒装 400g/盒 配方升级-天猫超市-天猫Tmall.com-上天猫，就购了-理想生活上天猫,MOM,533989504167,337098759933.0,m***0,,,,https://chaoshi.detail.tmall.com/item.htm?id=533989504167,2018-01-09 12:33:03,很好很好很好很强大很好很好很好很好很好很强大很好很好
Tmall,天猫超市,https://chaoshi.tmall.com/,雀巢妈妈孕产妇配方奶粉盒装 400g/盒 配方升级-天猫超市-天猫Tmall.com-上天猫，就购了-理想生活上天猫,MOM,533989504167,336942850682.0,y***1,,,,https://chaoshi.detail.tmall.com/item.htm?id=533989504167,2018-01-08 12:59:01,无数次光顾了！每次体验都相当不错，还会继续光顾，好评，好评！好评！好评！好评！好评！好评！好评！好评！好评！好评！好评！好评！好评！好评！好评！好评！好评！好评！好评！好评！好评！好评！好评！好评！好评！好评！好评！好评！好评！好评！好评！好评！好评！好评！好评！好评！好评！好评！好评！好评！好评！好评！好评！好评！好评！好评！好评！好评！好评！好评！好评！好评！好评！好评！好评！好评！好评！好评！好评！好评！好评！好评！
Tmall,天猫超市,https://chaoshi.tmall.com/,雀巢妈妈孕产妇配方奶粉盒装 400g/盒 配方升级-天猫超市-天猫Tmall.com-上天猫，就购了-理想生活上天猫,MOM,533989504167,336922806097.0,星***9,,,,https://chaoshi.detail.tmall.com/item.htm?id=533989504167,2018-01-08 09:45:24,一直买的这个挺好的
Tmall,天猫超市,https://chaoshi.tmall.com/,雀巢妈妈孕产妇配方奶粉盒装 400g/盒 配方升级-天猫超市-天猫Tmall.com-上天猫，就购了-理想生活上天猫,MOM,533989504167,336970463981.0,y***1,,,,https://chaoshi.detail.tmall.com/item.htm?id=533989504167,2018-01-08 09:21:22,还行
Tmall,天猫超市,https://chaoshi.tmall.com/,雀巢妈妈孕产妇配方奶粉盒装 400g/盒 配方升级-天猫超市-天猫Tmall.com-上天猫，就购了-理想生活上天猫,MOM,533989504167,336816694271.0,e***6,,,,https://chaoshi.detail.tmall.com/item.htm?id=533989504167,2018-01-06 19:16:16,奶粉香精味太重，吃了两次，吃的我有阴影，不建议购买
Tmall,天猫超市,https://chaoshi.tmall.com/,雀巢妈妈孕产妇配方奶粉盒装 400g/盒 配方升级-天猫超市-天猫Tmall.com-上天猫，就购了-理想生活上天猫,MOM,533989504167,336707416641.0,l***覆,,,,https://chaoshi.detail.tmall.com/item.htm?id=533989504167,2018-01-05 14:37:55,奶粉收到了，包装完好，味道还可以，微微有一点甜，没别人说的有难以接受的腥味，喝完再买
Tmall,天猫超市,https://chaoshi.tmall.com/,雀巢妈妈孕产妇配方奶粉盒装 400g/盒 配方升级-天猫超市-天猫Tmall.com-上天猫，就购了-理想生活上天猫,MOM,533989504167,336571364390.0,谷***言,,,,https://chaoshi.detail.tmall.com/item.htm?id=533989504167,2018-01-04 06:50:08,寶貝收到~物流神速。包裝完善無破損。
Tmall,天猫超市,https://chaoshi.tmall.com/,Nestle/雀巢妈妈孕产妇配方奶粉四盒组合400g*4盒-天猫超市-天猫Tmall.com-上天猫，就购了-理想生活上天猫,MOM,538101507391,337549142948.0,h***n,,,,https://chaoshi.detail.tmall.com/item.htm?id=538101507391,2018-01-12 22:50:38,味道不错
Tmall,天猫超市,https://chaoshi.tmall.com/,Nestle/雀巢妈妈孕产妇配方奶粉四盒组合400g*4盒-天猫超市-天猫Tmall.com-上天猫，就购了-理想生活上天猫,MOM,538101507391,337490459874.0,t***1,,,,https://chaoshi.detail.tmall.com/item.htm?id=538101507391,2018-01-12 21:51:26,还没喝，喝了再评价
Tmall,天猫超市,https://chaoshi.tmall.com/,Nestle/雀巢妈妈孕产妇配方奶粉四盒组合400g*4盒-天猫超市-天猫Tmall.com-上天猫，就购了-理想生活上天猫,MOM,538101507391,337394220635.0,微***i,,,,https://chaoshi.detail.tmall.com/item.htm?id=538101507391,2018-01-12 11:24:14,快递送货好快呀，晚上下单，早上就送到了。奶粉还没喝，跟网上描述的一样
Tmall,天猫超市,https://chaoshi.tmall.com/,Nestle/雀巢妈妈孕产妇配方奶粉四盒组合400g*4盒-天猫超市-天猫Tmall.com-上天猫，就购了-理想生活上天猫,MOM,538101507391,337092166729.0,嘻***0,,,,https://chaoshi.detail.tmall.com/item.htm?id=538101507391,2018-01-08 21:42:11,外观看，和我在超市买的一样，应该一样的
Tmall,天猫超市,https://chaoshi.tmall.com/,Nestle/雀巢妈妈孕产妇配方奶粉四盒组合400g*4盒-天猫超市-天猫Tmall.com-上天猫，就购了-理想生活上天猫,MOM,538101507391,336714055687.0,t***0,,,,https://chaoshi.detail.tmall.com/item.htm?id=538101507391,2018-01-05 10:36:58,还没吃，不过开封了不方便保存。
Tmall,天猫超市,https://chaoshi.tmall.com/,Nestle/雀巢妈妈孕产妇配方奶粉四盒组合400g*4盒-天猫超市-天猫Tmall.com-上天猫，就购了-理想生活上天猫,MOM,538101507391,336645326291.0,露***8,,,,https://chaoshi.detail.tmall.com/item.htm?id=538101507391,2018-01-04 13:36:24,好
Tmall,天猫超市,https://chaoshi.tmall.com/,Nestle/雀巢妈妈孕产妇配方奶粉四盒组合400g*4盒-天猫超市-天猫Tmall.com-上天猫，就购了-理想生活上天猫,MOM,538101507391,336182300279.0,k***o,,,,https://chaoshi.detail.tmall.com/item.htm?id=538101507391,2018-01-01 11:17:26,不错，很好。
Tmall,天猫超市,https://chaoshi.tmall.com/,Nestle/雀巢妈妈孕产妇配方奶粉三罐组合900g*3罐-天猫超市-天猫Tmall.com-上天猫，就购了-理想生活上天猫,MOM,538096447689,338270370637.0,s***n,,,,https://chaoshi.detail.tmall.com/item.htm?id=538096447689,2018-01-19 13:22:39,生前产后一直吃这款，媳妇儿吃的最顺口
Tmall,天猫超市,https://chaoshi.tmall.com/,Nestle/雀巢妈妈孕产妇配方奶粉三罐组合900g*3罐-天猫超市-天猫Tmall.com-上天猫，就购了-理想生活上天猫,MOM,538096447689,337616583941.0,康***颖,,,,https://chaoshi.detail.tmall.com/item.htm?id=538096447689,2018-01-13 16:50:52,比超市便宜多了，三桶正好一个月的量～
Tmall,天猫超市,https://chaoshi.tmall.com/,雀巢妈妈孕产妇配方奶粉盒装 200g/盒 配方升级-天猫超市-天猫Tmall.com-上天猫，就购了-理想生活上天猫,MOM,554456502030,339113039441.0,x***0,,,,https://chaoshi.detail.tmall.com/item.htm?id=554456502030,2018-01-27 16:07:50,经常在天猫超市买东西，快，方便，唯一不好的就是不可以选快递，每次买东西寄老家特别不方便
Tmall,天猫超市,https://chaoshi.tmall.com/,雀巢妈妈孕产妇配方奶粉盒装 200g/盒 配方升级-天猫超市-天猫Tmall.com-上天猫，就购了-理想生活上天猫,MOM,554456502030,338565192096.0,转***温,,,,https://chaoshi.detail.tmall.com/item.htm?id=554456502030,2018-01-22 11:15:54,这物流服务太差！但是和客服沟通过程让我更失望！给孩子买的奶粉不仅送错物流站点！还一推三天！客服的回复就绝了，退款也退不了，也没有办法联系物流。最后还是我自己联系物流送货。失望！失望！这样的客服等于没有客服，既不能解决问题，又不能给予托付！而且最有意思的是还只能给二星！我一星都不想给
JD,雀巢官方专卖店,https://mall.jd.com/index-666458.html,雀巢（NESTLE） 孕产妇/妈妈配方奶粉（孕妇产妇适用）400克 400g*3盒（新包装）,MOM,13924713473,11196106367.0,j***w,5.0,400g*3盒（新包装）,,https://item.jd.com/13924713473.html,2018-01-28 08:34:58,和在超市买的一模一样，比超市便宜，适合准妈妈早上喝，味道不错，喝了没有拉肚子。
JD,雀巢官方专卖店,https://mall.jd.com/index-666458.html,雀巢（NESTLE） 孕产妇/妈妈配方奶粉（孕妇产妇适用）400克 400g*3盒（新包装）,MOM,13924713473,11173541725.0,8***m,5.0,400g*3盒（新包装）,,https://item.jd.com/13924713473.html,2018-01-20 07:07:31,一直喝这个，孕期我不爱吃肉类 喝点奶粉给孩子均衡一下营养
JD,雀巢官方专卖店,https://mall.jd.com/index-666458.html,雀巢（NESTLE） 孕产妇/妈妈配方奶粉（孕妇产妇适用）400克 400g*3盒（新包装）,MOM,13924713473,11157673388.0,j***d,5.0,400g*3盒（新包装）,,https://item.jd.com/13924713473.html,2018-01-14 14:59:18,包装很严实。奶粉也很好。
JD,雀巢官方专卖店,https://mall.jd.com/index-666458.html,雀巢（NESTLE） 孕产妇/妈妈配方奶粉（孕妇产妇适用）400克 400g*3盒（新包装）,MOM,13924713473,11156037347.0,j***h,5.0,400g*3盒（新包装）,,https://item.jd.com/13924713473.html,2018-01-13 21:11:46,不是京东配送的，有点奇怪，不知道是不是正品，看起来还不错。
JD,雀巢官方专卖店,https://mall.jd.com/index-666458.html,雀巢（NESTLE） 孕产妇/妈妈配方奶粉（孕妇产妇适用）400克 400g*3盒（新包装）,MOM,13924713473,11122726189.0,j***h,5.0,400g*3盒（新包装）,,https://item.jd.com/13924713473.html,2018-01-01 16:35:34,刚开始喝感觉有股腥味，但后来习惯后感觉还挺喜欢的！
JD,雀巢官方专卖店,https://mall.jd.com/index-666458.html,雀巢（NESTLE） 孕产妇奶粉 妈妈配方奶粉 （孕妇产妇适用） 900g*2罐,MOM,13516246556,11200758227.0,林***1,5.0,900g*2罐,,https://item.jd.com/13516246556.html,2018-01-29 20:10:15,之前都是在超市买的，也买过，这次做活动，很划算，好评
JD,雀巢官方专卖店,https://mall.jd.com/index-666458.html,雀巢（NESTLE） 孕产妇奶粉 妈妈配方奶粉 （孕妇产妇适用） 900g*2罐,MOM,13516246556,11180981200.0,j***p,5.0,900g*2罐,,https://item.jd.com/13516246556.html,2018-01-22 19:11:59,今天收到货了，虽然不是京东自营，但还是京东配送，还比较满意吧！生产日期也不算很久
JD,雀巢官方专卖店,https://mall.jd.com/index-666458.html,雀巢（NESTLE） 孕产妇奶粉 妈妈配方奶粉 （孕妇产妇适用） 900g*2罐,MOM,13516246556,11180121238.0,j***u,5.0,900g*2罐,,https://item.jd.com/13516246556.html,2018-01-22 14:19:53,宝贝很不错，已经试喝了，味道杠杠滴，要有活动就更好了，实体店的价格相对贵太多，下次继续关注，有需要还会来这里买，已推荐身边朋友。
JD,雀巢官方专卖店,https://mall.jd.com/index-666458.html,雀巢（NESTLE） 孕产妇奶粉 妈妈配方奶粉 （孕妇产妇适用） 900g*2罐,MOM,13516246556,11179115204.0,k***y,5.0,900g*2罐,,https://item.jd.com/13516246556.html,2018-01-22 08:47:41,东西不错，挺好用的，好好好。
JD,雀巢官方专卖店,https://mall.jd.com/index-666458.html,雀巢（NESTLE） 孕产妇奶粉 妈妈配方奶粉 （孕妇产妇适用） 900g*2罐,MOM,13516246556,11177534194.0,j***y,5.0,900g*2罐,,https://item.jd.com/13516246556.html,2018-01-21 15:55:46,太甜了，不太好喝
JD,雀巢官方专卖店,https://mall.jd.com/index-666458.html,雀巢（NESTLE） 孕产妇奶粉 妈妈配方奶粉 （孕妇产妇适用） 900g*2罐,MOM,13516246556,11158014556.0,樱***9,5.0,900g*2罐,,https://item.jd.com/13516246556.html,2018-01-14 17:05:13,孕期不想乱吃补药，同事和邻居都是喝的雀巢孕妇奶粉，长胎不长肉，期待中～
JD,雀巢官方专卖店,https://mall.jd.com/index-666458.html,雀巢（NESTLE） 孕产妇奶粉 妈妈配方奶粉 （孕妇产妇适用） 900g*2罐,MOM,13516246556,11155840560.0,J***2,5.0,900g*2罐,,https://item.jd.com/13516246556.html,2018-01-13 20:09:27,东西收到了 物流很快  非常喜欢  先喝着  在评论
JD,雀巢官方专卖店,https://mall.jd.com/index-666458.html,雀巢（NESTLE） 孕产妇奶粉 妈妈配方奶粉 （孕妇产妇适用） 900g*2罐,MOM,13516246556,11154724096.0,O***u,5.0,900g*2罐,,https://item.jd.com/13516246556.html,2018-01-13 13:12:45,买来送人的，雀巢的，应该不错！
JD,雀巢官方专卖店,https://mall.jd.com/index-666458.html,雀巢（NESTLE） 孕产妇奶粉 妈妈配方奶粉 （孕妇产妇适用） 900g*2罐,MOM,13516246556,11151566593.0,j***o,5.0,900g*2罐,,https://item.jd.com/13516246556.html,2018-01-12 10:29:27,才喝一天，还没感觉出来
JD,雀巢官方专卖店,https://mall.jd.com/index-666458.html,雀巢（NESTLE） 孕产妇奶粉 妈妈配方奶粉 （孕妇产妇适用） 900g*2罐,MOM,13516246556,11147111545.0,j***l,5.0,900g*2罐,,https://item.jd.com/13516246556.html,2018-01-10 17:14:21,怎么说呢，挺好吃的，饿了就喝点
JD,雀巢官方专卖店,https://mall.jd.com/index-666458.html,雀巢（NESTLE） 孕产妇奶粉 妈妈配方奶粉 （孕妇产妇适用） 900g*2罐,MOM,13516246556,11131963871.0,s***g,5.0,900g*2罐,,https://item.jd.com/13516246556.html,2018-01-04 21:17:23,哇哦，特别超值！准备启用?中啦
JD,雀巢官方专卖店,https://mall.jd.com/index-666458.html,雀巢（NESTLE） 孕产妇奶粉 妈妈配方奶粉 （孕妇产妇适用） 900g*2罐,MOM,13516246556,11126572494.0,j***v,5.0,900g*2罐,,https://item.jd.com/13516246556.html,2018-01-02 22:27:27,一直都喝的这款奶粉，宝宝长得壮壮的
JD,雀巢官方专卖店,https://mall.jd.com/index-666458.html,雀巢（NESTLE） 孕产妇奶粉 妈妈配方奶粉 （孕妇产妇适用） 900g*2罐,MOM,13516246556,11123352441.0,y***7,5.0,900g*2罐,,https://item.jd.com/13516246556.html,2018-01-01 20:42:41,买了好多次，从怀孕就喝雀巢孕妇奶粉，一直都是信奈你家。
